video_id,duration_sec,duration_source,n_face_frames,n_gesture_frames,face_detection_rate,too_short_for_rate
vid_0001,43.467,frames/fps,435,435,1.0000,0
vid_0002,14.067,frames/fps,141,141,1.0000,0
vid_0003,21.400,frames/fps,214,214,1.0000,0
vid_0004,39.333,frames/fps,394,394,1.0000,0
vid_0005,57.800,frames/fps,578,578,1.0000,0
vid_0006,29.967,frames/fps,300,300,1.0000,0
vid_0007,22.533,frames/fps,226,226,1.0000,0
vid_0008,12.533,frames/fps,126,126,1.0000,0
vid_0009,28.267,frames/fps,283,283,1.0000,0
vid_0010,25.633,frames/fps,257,257,1.0000,0
vid_0011,60.500,frames/fps,605,605,1.0000,0
vid_0012,17.733,frames/fps,178,178,1.0000,0
vid_0013,29.967,frames/fps,300,300,1.0000,0
vid_0014,2.500,frames/fps,25,25,1.0000,0
vid_0015,15.533,frames/fps,156,156,1.0000,0
vid_0016,52.767,frames/fps,528,528,1.0000,0
vid_0017,26.133,frames/fps,262,262,1.0000,0
vid_0018,17.333,frames/fps,174,174,1.0000,0
vid_0019,50.300,frames/fps,503,503,1.0000,0
vid_0020,27.533,frames/fps,276,276,1.0000,0
vid_0021,34.167,frames/fps,342,342,1.0000,0
vid_0022,92.333,frames/fps,924,924,1.0000,0
vid_0023,21.767,frames/fps,218,218,1.0000,0
vid_0024,2.667,frames/fps,27,27,1.0000,0
vid_0025,23.033,frames/fps,231,231,1.0000,0
vid_0026,58.433,frames/fps,585,585,1.0000,0
vid_0027,54.467,frames/fps,545,545,1.0000,0
vid_0028,11.467,frames/fps,115,115,1.0000,0
vid_0029,11.467,frames/fps,115,115,1.0000,0
vid_0030,58.633,frames/fps,587,587,1.0000,0
vid_0031,33.400,frames/fps,334,334,1.0000,0
vid_0032,0.633,frames/fps,7,7,1.0000,1
vid_0033,50.267,frames/fps,503,503,1.0000,0
vid_0034,51.267,frames/fps,513,513,1.0000,0
vid_0035,15.600,frames/fps,156,156,1.0000,0
vid_0036,41.100,frames/fps,411,411,1.0000,0
vid_0037,11.700,frames/fps,117,117,1.0000,0
vid_0038,56.767,frames/fps,568,568,1.0000,0
vid_0039,59.800,frames/fps,598,598,1.0000,0
vid_0040,6.100,frames/fps,61,61,1.0000,0
vid_0041,42.200,frames/fps,422,422,1.0000,0
vid_0042,60.500,frames/fps,605,605,1.0000,0
vid_0043,40.633,frames/fps,407,407,1.0000,0
vid_0044,31.467,frames/fps,315,315,1.0000,0
vid_0045,11.833,frames/fps,119,119,1.0000,0
vid_0046,3.100,frames/fps,31,31,1.0000,0
vid_0047,19.333,frames/fps,194,194,1.0000,0
vid_0048,16.600,frames/fps,166,166,1.0000,0
vid_0049,38.467,frames/fps,385,385,1.0000,0
vid_0050,51.333,frames/fps,514,514,1.0000,0
vid_0051,17.667,frames/fps,177,177,1.0000,0
vid_0052,19.867,frames/fps,199,199,1.0000,0
vid_0053,15.833,frames/fps,159,159,1.0000,0
vid_0054,2.500,frames/fps,25,25,1.0000,0
vid_0055,17.500,frames/fps,175,175,1.0000,0
vid_0056,23.633,frames/fps,237,237,1.0000,0
vid_0057,56.767,frames/fps,568,568,1.0000,0
vid_0058,22.567,frames/fps,226,226,1.0000,0
vid_0059,32.000,frames/fps,320,320,1.0000,0
vid_0060,49.900,frames/fps,499,499,1.0000,0
vid_0061,50.433,frames/fps,505,505,1.0000,0
vid_0062,12.533,frames/fps,126,126,1.0000,0
vid_0063,23.200,frames/fps,232,232,1.0000,0
vid_0064,50.067,frames/fps,501,501,1.0000,0
vid_0065,51.267,frames/fps,513,513,1.0000,0
vid_0066,9.133,frames/fps,92,92,1.0000,0
vid_0067,44.567,frames/fps,446,446,1.0000,0
vid_0068,17.700,frames/fps,177,177,1.0000,0
vid_0069,50.567,frames/fps,506,506,1.0000,0
vid_0070,60.533,frames/fps,606,606,1.0000,0
vid_0071,9.600,frames/fps,96,96,1.0000,0
vid_0072,11.200,frames/fps,112,112,1.0000,0
vid_0073,50.567,frames/fps,506,506,1.0000,0
vid_0074,17.767,frames/fps,178,178,1.0000,0
vid_0075,41.133,frames/fps,412,412,1.0000,0
vid_0076,34.100,frames/fps,341,341,1.0000,0
vid_0077,24.933,frames/fps,250,250,1.0000,0
vid_0078,25.700,frames/fps,257,257,1.0000,0
vid_0079,43.200,frames/fps,432,432,1.0000,0
vid_0080,8.467,frames/fps,85,85,1.0000,0
vid_0081,41.067,frames/fps,411,411,1.0000,0
vid_0082,9.133,frames/fps,92,92,1.0000,0
vid_0083,14.300,frames/fps,143,143,1.0000,0
vid_0084,53.900,frames/fps,539,539,1.0000,0
vid_0085,12.100,frames/fps,121,121,1.0000,0
vid_0086,7.367,frames/fps,74,74,1.0000,0
vid_0087,14.033,frames/fps,141,141,1.0000,0
vid_0088,39.133,frames/fps,392,392,1.0000,0
vid_0089,58.267,frames/fps,583,583,1.0000,0
vid_0090,13.567,frames/fps,136,136,1.0000,0
vid_0091,15.367,frames/fps,154,154,1.0000,0
vid_0092,38.467,frames/fps,385,385,1.0000,0
vid_0093,40.600,frames/fps,406,406,1.0000,0
vid_0094,12.400,frames/fps,124,124,1.0000,0
vid_0095,21.667,frames/fps,217,217,1.0000,0
vid_0096,26.300,frames/fps,263,263,1.0000,0
vid_0097,14.067,frames/fps,141,141,1.0000,0
vid_0098,26.967,frames/fps,270,270,1.0000,0
vid_0099,13.933,frames/fps,140,140,1.0000,0
vid_0100,55.567,frames/fps,556,556,1.0000,0
vid_0101,41.000,frames/fps,410,410,1.0000,0
vid_0102,60.533,frames/fps,606,606,1.0000,0
vid_0103,60.533,frames/fps,606,606,1.0000,0
vid_0104,30.033,frames/fps,301,301,1.0000,0
vid_0105,7.500,frames/fps,75,75,1.0000,0
vid_0106,12.600,frames/fps,126,126,1.0000,0
vid_0107,27.900,frames/fps,279,279,1.0000,0
vid_0108,60.533,frames/fps,606,606,1.0000,0
vid_0109,48.800,frames/fps,488,488,1.0000,0
vid_0110,18.133,frames/fps,182,182,1.0000,0
vid_0111,24.433,frames/fps,245,245,1.0000,0
vid_0112,14.200,frames/fps,142,142,1.0000,0
vid_0113,60.533,frames/fps,606,606,1.0000,0
vid_0114,16.533,frames/fps,166,166,1.0000,0
vid_0115,24.267,frames/fps,243,243,1.0000,0
vid_0116,8.800,frames/fps,88,88,1.0000,0
vid_0117,31.833,frames/fps,319,319,1.0000,0
vid_0118,11.867,frames/fps,119,119,1.0000,0
vid_0119,24.367,frames/fps,244,244,1.0000,0
vid_0120,12.633,frames/fps,127,127,1.0000,0
vid_0121,6.100,frames/fps,61,61,1.0000,0
vid_0122,45.100,frames/fps,451,451,1.0000,0
vid_0123,4.433,frames/fps,45,45,1.0000,0
vid_0124,8.833,frames/fps,89,89,1.0000,0
vid_0125,12.633,frames/fps,127,127,1.0000,0
vid_0126,24.833,frames/fps,249,249,1.0000,0
vid_0127,4.467,frames/fps,45,45,1.0000,0
vid_0128,5.900,frames/fps,56,59,1.0000,0
vid_0129,8.433,frames/fps,85,85,1.0000,0
vid_0130,13.100,frames/fps,131,131,1.0000,0
vid_0131,21.300,frames/fps,213,213,1.0000,0
vid_0132,26.100,frames/fps,261,261,1.0000,0
vid_0133,43.300,frames/fps,433,433,1.0000,0
vid_0134,0.633,frames/fps,7,7,1.0000,1
vid_0135,6.900,frames/fps,69,69,1.0000,0
vid_0136,13.967,frames/fps,140,140,1.0000,0
vid_0137,23.900,frames/fps,239,239,1.0000,0
vid_0138,12.400,frames/fps,124,124,1.0000,0
vid_0139,38.633,frames/fps,387,387,1.0000,0
vid_0140,52.700,frames/fps,527,527,1.0000,0
vid_0141,10.433,frames/fps,105,105,1.0000,0
vid_0142,13.233,frames/fps,133,133,1.0000,0
vid_0143,12.700,frames/fps,127,127,1.0000,0
vid_0144,58.500,frames/fps,585,585,1.0000,0
vid_0145,20.267,frames/fps,203,203,1.0000,0
vid_0146,13.200,frames/fps,132,132,1.0000,0
vid_0147,21.300,frames/fps,213,213,1.0000,0
vid_0148,10.433,frames/fps,105,105,1.0000,0
vid_0149,40.833,frames/fps,409,409,1.0000,0
vid_0150,37.267,frames/fps,373,373,1.0000,0
vid_0151,11.900,frames/fps,119,119,1.0000,0
vid_0152,14.367,frames/fps,144,144,1.0000,0
vid_0153,32.567,frames/fps,326,326,1.0000,0
vid_0154,13.500,frames/fps,135,135,1.0000,0
vid_0155,11.500,frames/fps,115,115,1.0000,0
vid_0156,13.600,frames/fps,136,136,1.0000,0
vid_0157,14.300,frames/fps,143,143,1.0000,0
vid_0158,16.067,frames/fps,161,161,1.0000,0
vid_0159,42.300,frames/fps,423,423,1.0000,0
vid_0160,40.633,frames/fps,407,407,1.0000,0
vid_0161,31.433,frames/fps,315,315,1.0000,0
vid_0162,40.800,frames/fps,408,408,1.0000,0
vid_0163,42.033,frames/fps,421,421,1.0000,0
vid_0164,43.567,frames/fps,433,436,1.0000,0
vid_0165,16.667,frames/fps,167,167,1.0000,0
vid_0166,16.533,frames/fps,166,166,1.0000,0
vid_0167,31.500,frames/fps,315,315,1.0000,0
vid_0168,57.933,frames/fps,580,580,1.0000,0
vid_0169,60.533,frames/fps,606,606,1.0000,0
vid_0170,16.800,frames/fps,168,168,1.0000,0
vid_0171,14.033,frames/fps,141,141,1.0000,0
vid_0172,29.300,frames/fps,293,293,1.0000,0
vid_0173,11.367,frames/fps,114,114,1.0000,0
vid_0174,31.900,frames/fps,319,319,1.0000,0
vid_0175,12.567,frames/fps,126,126,1.0000,0
vid_0176,32.700,frames/fps,327,327,1.0000,0
vid_0177,14.767,frames/fps,148,148,1.0000,0
vid_0178,35.267,frames/fps,15,353,1.0000,0
vid_0179,7.967,frames/fps,80,80,1.0000,0
vid_0180,34.133,frames/fps,338,342,1.0000,0
vid_0181,11.367,frames/fps,114,114,1.0000,0
vid_0182,33.133,frames/fps,332,332,1.0000,0
vid_0183,41.933,frames/fps,420,420,1.0000,0
vid_0184,25.467,frames/fps,255,255,1.0000,0
vid_0185,57.433,frames/fps,575,575,1.0000,0
vid_0186,9.600,frames/fps,96,96,1.0000,0
vid_0187,9.767,frames/fps,98,98,1.0000,0
vid_0188,32.700,frames/fps,327,327,1.0000,0
vid_0189,15.700,frames/fps,157,157,1.0000,0
vid_0190,13.633,frames/fps,137,137,1.0000,0
vid_0191,9.967,frames/fps,100,100,1.0000,0
vid_0192,15.500,frames/fps,155,155,1.0000,0
vid_0193,26.400,frames/fps,264,264,1.0000,0
vid_0194,11.833,frames/fps,119,119,1.0000,0
vid_0195,7.967,frames/fps,80,80,1.0000,0
vid_0196,24.700,frames/fps,247,247,1.0000,0
vid_0197,11.433,frames/fps,115,115,1.0000,0
vid_0198,29.600,frames/fps,296,296,1.0000,0
vid_0199,12.600,frames/fps,126,126,1.0000,0
vid_0200,43.800,frames/fps,438,438,1.0000,0
vid_0201,8.900,frames/fps,89,89,1.0000,0
vid_0202,10.900,frames/fps,109,109,1.0000,0
vid_0203,41.133,frames/fps,412,412,1.0000,0
vid_0204,8.867,frames/fps,89,89,1.0000,0
vid_0205,25.300,frames/fps,253,253,1.0000,0
vid_0206,11.633,frames/fps,117,117,1.0000,0
vid_0207,8.567,frames/fps,86,86,1.0000,0
vid_0208,15.500,frames/fps,155,155,1.0000,0
vid_0209,50.267,frames/fps,503,503,1.0000,0
vid_0210,8.867,frames/fps,89,89,1.0000,0
vid_0211,16.700,frames/fps,167,167,1.0000,0
vid_0212,18.400,frames/fps,184,184,1.0000,0
vid_0213,23.133,frames/fps,232,232,1.0000,0
vid_0214,60.533,frames/fps,606,606,1.0000,0
vid_0215,32.100,frames/fps,321,321,1.0000,0
vid_0216,19.333,frames/fps,194,194,1.0000,0
vid_0217,14.067,frames/fps,141,141,1.0000,0
vid_0218,14.700,frames/fps,147,147,1.0000,0
vid_0219,11.767,frames/fps,118,118,1.0000,0
vid_0220,13.033,frames/fps,131,131,1.0000,0
vid_0221,37.600,frames/fps,376,376,1.0000,0
vid_0222,6.167,frames/fps,62,62,1.0000,0
vid_0223,29.567,frames/fps,296,296,1.0000,0
vid_0224,8.000,frames/fps,80,80,1.0000,0
vid_0225,32.567,frames/fps,326,326,1.0000,0
vid_0226,8.900,frames/fps,89,89,1.0000,0
vid_0227,35.300,frames/fps,353,353,1.0000,0
vid_0228,11.200,frames/fps,112,112,1.0000,0
vid_0229,14.000,frames/fps,140,140,1.0000,0
vid_0230,30.567,frames/fps,306,306,1.0000,0
vid_0231,38.233,frames/fps,383,383,1.0000,0
vid_0232,22.267,frames/fps,223,223,1.0000,0
vid_0233,11.633,frames/fps,117,117,1.0000,0
vid_0234,38.300,frames/fps,383,383,1.0000,0
vid_0235,19.867,frames/fps,199,199,1.0000,0
vid_0236,4.667,frames/fps,47,47,1.0000,0
vid_0237,9.700,frames/fps,97,97,1.0000,0
vid_0238,45.233,frames/fps,453,453,1.0000,0
vid_0239,5.933,frames/fps,60,60,1.0000,0
vid_0240,41.000,frames/fps,410,410,1.0000,0
vid_0241,38.300,frames/fps,383,383,1.0000,0
vid_0242,23.433,frames/fps,235,235,1.0000,0
vid_0243,39.633,frames/fps,397,397,1.0000,0
vid_0244,9.600,frames/fps,96,96,1.0000,0
vid_0245,45.633,frames/fps,457,457,1.0000,0
vid_0246,59.833,frames/fps,599,599,1.0000,0
vid_0247,54.900,frames/fps,549,549,1.0000,0
vid_0248,39.167,frames/fps,392,392,1.0000,0
vid_0249,31.200,frames/fps,312,312,1.0000,0
vid_0250,60.267,frames/fps,603,603,1.0000,0
vid_0251,22.800,frames/fps,228,228,1.0000,0
vid_0252,10.800,frames/fps,108,108,1.0000,0
vid_0253,34.967,frames/fps,350,350,1.0000,0
vid_0254,58.933,frames/fps,590,590,1.0000,0
vid_0255,47.567,frames/fps,475,476,1.0000,0
vid_0256,18.000,frames/fps,180,180,1.0000,0
vid_0257,15.567,frames/fps,156,156,1.0000,0
vid_0258,48.000,frames/fps,480,480,1.0000,0
vid_0259,21.833,frames/fps,219,219,1.0000,0
vid_0260,25.800,frames/fps,258,258,1.0000,0
vid_0261,22.433,frames/fps,225,225,1.0000,0
vid_0262,57.067,frames/fps,571,571,1.0000,0
vid_0263,41.700,frames/fps,417,417,1.0000,0
vid_0264,11.067,frames/fps,111,111,1.0000,0
vid_0265,18.800,frames/fps,188,188,1.0000,0
vid_0266,57.033,frames/fps,571,571,1.0000,0
vid_0267,14.700,frames/fps,147,147,1.0000,0
vid_0268,46.667,frames/fps,467,467,1.0000,0
vid_0269,18.933,frames/fps,190,190,1.0000,0
vid_0270,15.367,frames/fps,154,154,1.0000,0
vid_0271,36.700,frames/fps,367,367,1.0000,0
vid_0272,8.433,frames/fps,85,85,1.0000,0
vid_0273,8.700,frames/fps,87,87,1.0000,0
vid_0274,17.100,frames/fps,171,171,1.0000,0
vid_0275,42.800,frames/fps,428,428,1.0000,0
vid_0276,12.300,frames/fps,123,123,1.0000,0
vid_0277,21.000,frames/fps,210,210,1.0000,0
vid_0278,11.000,frames/fps,110,110,1.0000,0
vid_0279,28.600,frames/fps,286,286,1.0000,0
vid_0280,24.933,frames/fps,250,250,1.0000,0
vid_0281,10.767,frames/fps,108,108,1.0000,0
vid_0282,54.300,frames/fps,543,543,1.0000,0
vid_0283,9.767,frames/fps,98,98,1.0000,0
vid_0284,19.733,frames/fps,198,198,1.0000,0
vid_0285,28.500,frames/fps,285,285,1.0000,0
vid_0286,12.500,frames/fps,125,125,1.0000,0
vid_0287,11.367,frames/fps,114,114,1.0000,0
vid_0288,56.433,frames/fps,565,565,1.0000,0
vid_0289,13.100,frames/fps,131,131,1.0000,0
vid_0290,28.500,frames/fps,285,285,1.0000,0
vid_0291,31.233,frames/fps,313,313,1.0000,0
vid_0292,28.767,frames/fps,288,288,1.0000,0
vid_0293,45.167,frames/fps,440,452,1.0000,0
vid_0294,1.033,frames/fps,11,11,1.0000,1
vid_0295,10.100,frames/fps,101,101,1.0000,0
vid_0296,42.300,frames/fps,423,423,1.0000,0
vid_0297,51.200,frames/fps,512,512,1.0000,0
vid_0298,48.300,frames/fps,483,483,1.0000,0
vid_0299,6.800,frames/fps,68,68,1.0000,0
vid_0300,41.433,frames/fps,415,415,1.0000,0
vid_0301,46.067,frames/fps,461,461,1.0000,0
vid_0302,39.400,frames/fps,394,394,1.0000,0
vid_0303,56.433,frames/fps,565,565,1.0000,0
vid_0304,28.667,frames/fps,287,287,1.0000,0
vid_0305,20.633,frames/fps,207,207,1.0000,0
vid_0306,34.500,frames/fps,345,345,1.0000,0
vid_0307,44.167,frames/fps,442,442,1.0000,0
vid_0308,29.600,frames/fps,296,296,1.0000,0
vid_0309,11.267,frames/fps,113,113,1.0000,0
vid_0310,45.333,frames/fps,454,454,1.0000,0
vid_0311,0.633,frames/fps,7,7,1.0000,1
vid_0312,31.400,frames/fps,314,314,1.0000,0
vid_0313,49.500,frames/fps,495,495,1.0000,0
vid_0314,12.400,frames/fps,124,124,1.0000,0
vid_0315,12.633,frames/fps,127,127,1.0000,0
vid_0316,15.600,frames/fps,156,156,1.0000,0
vid_0317,15.067,frames/fps,151,151,1.0000,0
vid_0318,13.200,frames/fps,132,132,1.0000,0
vid_0319,15.800,frames/fps,158,158,1.0000,0
vid_0320,10.400,frames/fps,104,104,1.0000,0
vid_0321,53.000,frames/fps,530,530,1.0000,0
vid_0322,11.267,frames/fps,113,113,1.0000,0
vid_0323,25.233,frames/fps,253,253,1.0000,0
vid_0324,26.633,frames/fps,267,267,1.0000,0
vid_0325,30.800,frames/fps,308,308,1.0000,0
vid_0326,17.633,frames/fps,177,177,1.0000,0
vid_0327,18.000,frames/fps,180,180,1.0000,0
vid_0328,8.500,frames/fps,85,85,1.0000,0
vid_0329,17.133,frames/fps,172,172,1.0000,0
vid_0330,7.800,frames/fps,78,78,1.0000,0
vid_0331,11.033,frames/fps,111,111,1.0000,0
vid_0332,48.733,frames/fps,488,488,1.0000,0
vid_0333,34.167,frames/fps,342,342,1.0000,0
vid_0334,14.567,frames/fps,146,146,1.0000,0
vid_0335,24.000,frames/fps,240,240,1.0000,0
vid_0336,17.933,frames/fps,180,180,1.0000,0
vid_0337,14.233,frames/fps,143,143,1.0000,0
vid_0338,30.900,frames/fps,309,309,1.0000,0
vid_0339,58.500,frames/fps,585,585,1.0000,0
vid_0340,9.433,frames/fps,95,95,1.0000,0
vid_0341,17.900,frames/fps,179,179,1.0000,0
vid_0342,9.900,frames/fps,99,99,1.0000,0
vid_0343,12.200,frames/fps,122,122,1.0000,0
vid_0344,16.300,frames/fps,163,163,1.0000,0
vid_0345,10.033,frames/fps,101,101,1.0000,0
vid_0346,57.833,frames/fps,579,579,1.0000,0
vid_0347,15.467,frames/fps,155,155,1.0000,0
vid_0348,27.733,frames/fps,278,278,1.0000,0
vid_0349,39.967,frames/fps,400,400,1.0000,0
vid_0350,24.567,frames/fps,246,246,1.0000,0
vid_0351,57.567,frames/fps,576,576,1.0000,0
vid_0352,45.733,frames/fps,458,458,1.0000,0
vid_0353,29.567,frames/fps,296,296,1.0000,0
vid_0354,34.567,frames/fps,346,346,1.0000,0
vid_0355,40.267,frames/fps,403,403,1.0000,0
vid_0356,40.167,frames/fps,402,402,1.0000,0
vid_0357,10.500,frames/fps,105,105,1.0000,0
vid_0358,48.733,frames/fps,488,488,1.0000,0
vid_0359,28.067,frames/fps,281,281,1.0000,0
vid_0360,17.600,frames/fps,176,176,1.0000,0
vid_0361,31.600,frames/fps,316,316,1.0000,0
vid_0362,14.200,frames/fps,142,142,1.0000,0
vid_0363,18.400,frames/fps,184,184,1.0000,0
vid_0364,25.067,frames/fps,251,251,1.0000,0
vid_0365,11.500,frames/fps,115,115,1.0000,0
vid_0366,28.067,frames/fps,281,281,1.0000,0
vid_0367,53.467,frames/fps,535,535,1.0000,0
vid_0368,43.600,frames/fps,434,436,1.0000,0
vid_0369,28.067,frames/fps,281,281,1.0000,0
vid_0370,11.333,frames/fps,114,114,1.0000,0
vid_0371,32.267,frames/fps,323,323,1.0000,0
vid_0372,25.000,frames/fps,250,250,1.0000,0
vid_0373,29.400,frames/fps,294,294,1.0000,0
vid_0374,19.700,frames/fps,197,197,1.0000,0
vid_0375,20.833,frames/fps,209,209,1.0000,0
vid_0376,14.633,frames/fps,147,147,1.0000,0
vid_0377,52.233,frames/fps,523,523,1.0000,0
vid_0378,37.467,frames/fps,375,375,1.0000,0
vid_0379,18.500,frames/fps,185,185,1.0000,0
vid_0380,27.600,frames/fps,276,276,1.0000,0
vid_0381,20.000,frames/fps,200,200,1.0000,0
vid_0382,34.700,frames/fps,347,347,1.0000,0
vid_0383,60.533,frames/fps,606,606,1.0000,0
vid_0384,0.600,frames/fps,6,6,1.0000,1
vid_0385,27.300,frames/fps,273,273,1.0000,0
vid_0386,17.533,frames/fps,176,176,1.0000,0
vid_0387,51.400,frames/fps,514,514,1.0000,0
vid_0388,17.533,frames/fps,176,176,1.0000,0
vid_0389,34.000,frames/fps,340,340,1.0000,0
vid_0390,27.600,frames/fps,276,276,1.0000,0
vid_0391,51.467,frames/fps,515,515,1.0000,0
vid_0392,58.400,frames/fps,584,584,1.0000,0
vid_0393,34.033,frames/fps,341,341,1.0000,0
vid_0394,22.833,frames/fps,229,229,1.0000,0
vid_0395,9.833,frames/fps,99,99,1.0000,0
vid_0396,19.733,frames/fps,198,198,1.0000,0
vid_0397,42.167,frames/fps,422,422,1.0000,0
vid_0398,53.167,frames/fps,532,532,1.0000,0
vid_0399,60.500,frames/fps,605,605,1.0000,0
vid_0400,60.533,frames/fps,606,606,1.0000,0
vid_0401,4.833,frames/fps,49,49,1.0000,0
vid_0402,33.033,frames/fps,331,331,1.0000,0
vid_0403,21.033,frames/fps,211,211,1.0000,0
vid_0404,5.100,frames/fps,51,51,1.0000,0
vid_0405,60.533,frames/fps,606,606,1.0000,0
vid_0406,56.167,frames/fps,562,562,1.0000,0
vid_0407,43.933,frames/fps,440,440,1.0000,0
vid_0408,57.433,frames/fps,575,575,1.0000,0
vid_0409,9.600,frames/fps,96,96,1.0000,0
vid_0410,20.300,frames/fps,203,203,1.0000,0
vid_0411,36.167,frames/fps,362,362,1.0000,0
vid_0412,47.633,frames/fps,477,477,1.0000,0
vid_0413,21.633,frames/fps,217,217,1.0000,0
vid_0414,30.700,frames/fps,307,307,1.0000,0
vid_0415,29.267,frames/fps,293,293,1.0000,0
vid_0416,22.700,frames/fps,227,227,1.0000,0
vid_0417,50.967,frames/fps,510,510,1.0000,0
vid_0418,58.500,frames/fps,585,585,1.0000,0
vid_0419,50.300,frames/fps,503,503,1.0000,0
vid_0420,38.467,frames/fps,384,385,1.0000,0
vid_0421,38.733,frames/fps,388,388,1.0000,0
vid_0422,41.867,frames/fps,419,419,1.0000,0
vid_0423,44.667,frames/fps,447,447,1.0000,0
vid_0424,17.767,frames/fps,178,178,1.0000,0
vid_0425,29.833,frames/fps,299,299,1.0000,0
vid_0426,16.967,frames/fps,170,170,1.0000,0
vid_0427,31.033,frames/fps,311,311,1.0000,0
vid_0428,34.400,frames/fps,344,344,1.0000,0
vid_0429,29.433,frames/fps,98,295,1.0000,0
vid_0430,33.933,frames/fps,340,340,1.0000,0
vid_0431,48.300,frames/fps,483,483,1.0000,0
vid_0432,5.500,frames/fps,55,55,1.0000,0
vid_0433,7.933,frames/fps,80,80,1.0000,0
vid_0434,20.700,frames/fps,207,207,1.0000,0
vid_0435,21.733,frames/fps,218,218,1.0000,0
vid_0436,32.333,frames/fps,324,324,1.0000,0
vid_0437,23.267,frames/fps,233,233,1.0000,0
vid_0438,12.267,frames/fps,123,123,1.0000,0
vid_0439,11.133,frames/fps,112,112,1.0000,0
vid_0440,7.233,frames/fps,73,73,1.0000,0
vid_0441,12.933,frames/fps,130,130,1.0000,0
vid_0442,38.367,frames/fps,384,384,1.0000,0
vid_0443,27.500,frames/fps,275,275,1.0000,0
vid_0444,47.867,frames/fps,479,479,1.0000,0
vid_0445,8.867,frames/fps,89,89,1.0000,0
vid_0446,57.033,frames/fps,571,571,1.0000,0
vid_0447,15.400,frames/fps,154,154,1.0000,0
vid_0448,28.067,frames/fps,281,281,1.0000,0
vid_0449,9.400,frames/fps,94,94,1.0000,0
vid_0450,55.333,frames/fps,554,554,1.0000,0
vid_0451,12.200,frames/fps,122,122,1.0000,0
vid_0452,60.500,frames/fps,605,605,1.0000,0
vid_0453,21.400,frames/fps,214,214,1.0000,0
vid_0454,27.867,frames/fps,32,279,1.0000,0
vid_0455,23.400,frames/fps,234,234,1.0000,0
vid_0456,13.700,frames/fps,137,137,1.0000,0
vid_0457,34.767,frames/fps,348,348,1.0000,0
vid_0458,50.000,frames/fps,500,500,1.0000,0
vid_0459,30.800,frames/fps,308,308,1.0000,0
vid_0460,60.500,frames/fps,605,605,1.0000,0
vid_0461,32.867,frames/fps,329,329,1.0000,0
vid_0462,49.367,frames/fps,494,494,1.0000,0
vid_0463,55.800,frames/fps,555,558,1.0000,0
vid_0464,20.700,frames/fps,207,207,1.0000,0
vid_0465,20.300,frames/fps,203,203,1.0000,0
vid_0466,11.333,frames/fps,114,114,1.0000,0
vid_0467,9.167,frames/fps,92,92,1.0000,0
vid_0468,30.467,frames/fps,304,305,1.0000,0
vid_0469,59.300,frames/fps,593,593,1.0000,0
vid_0470,5.133,frames/fps,52,52,1.0000,0
vid_0471,48.800,frames/fps,488,488,1.0000,0
vid_0472,3.900,frames/fps,39,39,1.0000,0
vid_0473,20.233,frames/fps,203,203,1.0000,0
vid_0474,29.967,frames/fps,300,300,1.0000,0
vid_0475,7.000,frames/fps,70,70,1.0000,0
vid_0476,27.100,frames/fps,1,271,1.0000,0
vid_0477,19.000,frames/fps,190,190,1.0000,0
vid_0478,19.767,frames/fps,198,198,1.0000,0
vid_0479,8.200,frames/fps,82,82,1.0000,0
vid_0480,40.767,frames/fps,408,408,1.0000,0
vid_0481,3.867,frames/fps,39,39,1.0000,0
vid_0482,24.533,frames/fps,246,246,1.0000,0
vid_0483,16.900,frames/fps,169,169,1.0000,0
vid_0484,24.933,frames/fps,250,250,1.0000,0
vid_0485,30.900,frames/fps,309,309,1.0000,0
vid_0486,29.100,frames/fps,286,291,1.0000,0
vid_0487,14.400,frames/fps,144,144,1.0000,0
vid_0488,22.933,frames/fps,230,230,1.0000,0
vid_0489,23.900,frames/fps,239,239,1.0000,0
vid_0490,45.367,frames/fps,454,454,1.0000,0
vid_0491,10.500,frames/fps,105,105,1.0000,0
vid_0492,36.333,frames/fps,364,364,1.0000,0
vid_0493,41.267,frames/fps,413,413,1.0000,0
vid_0494,22.433,frames/fps,225,225,1.0000,0
vid_0495,31.633,frames/fps,317,317,1.0000,0
vid_0496,12.800,frames/fps,128,128,1.0000,0
vid_0497,26.100,frames/fps,261,261,1.0000,0
vid_0498,30.300,frames/fps,303,303,1.0000,0
vid_0499,41.400,frames/fps,414,414,1.0000,0
vid_0500,20.700,frames/fps,207,207,1.0000,0
vid_0501,11.700,frames/fps,117,117,1.0000,0
vid_0502,31.367,frames/fps,314,314,1.0000,0
vid_0503,15.133,frames/fps,152,152,1.0000,0
vid_0504,19.700,frames/fps,197,197,1.0000,0
vid_0505,37.900,frames/fps,379,379,1.0000,0
vid_0506,14.633,frames/fps,147,147,1.0000,0
vid_0507,23.600,frames/fps,236,236,1.0000,0
vid_0508,37.267,frames/fps,373,373,1.0000,0
vid_0509,30.567,frames/fps,306,306,1.0000,0
vid_0510,17.600,frames/fps,176,176,1.0000,0
vid_0511,41.400,frames/fps,414,414,1.0000,0
vid_0512,51.500,frames/fps,515,515,1.0000,0
vid_0513,39.567,frames/fps,396,396,1.0000,0
vid_0514,44.967,frames/fps,450,450,1.0000,0
vid_0515,26.100,frames/fps,261,261,1.0000,0
vid_0516,25.200,frames/fps,252,252,1.0000,0
vid_0517,44.267,frames/fps,443,443,1.0000,0
vid_0518,56.867,frames/fps,569,569,1.0000,0
vid_0519,55.100,frames/fps,551,551,1.0000,0
vid_0520,23.933,frames/fps,204,240,1.0000,0
vid_0521,24.400,frames/fps,244,244,1.0000,0
vid_0522,8.167,frames/fps,82,82,1.0000,0
vid_0523,42.867,frames/fps,429,429,1.0000,0
vid_0524,43.300,frames/fps,433,433,1.0000,0
vid_0525,50.600,frames/fps,506,506,1.0000,0
vid_0526,9.200,frames/fps,92,92,1.0000,0
vid_0527,30.167,frames/fps,302,302,1.0000,0
vid_0528,20.833,frames/fps,209,209,1.0000,0
vid_0529,29.367,frames/fps,294,294,1.0000,0
vid_0530,41.833,frames/fps,419,419,1.0000,0
vid_0531,45.967,frames/fps,460,460,1.0000,0
vid_0532,14.433,frames/fps,145,145,1.0000,0
vid_0533,20.767,frames/fps,208,208,1.0000,0
vid_0534,11.467,frames/fps,115,115,1.0000,0
vid_0535,2.467,frames/fps,25,25,1.0000,0
vid_0536,54.733,frames/fps,548,548,1.0000,0
vid_0537,58.400,frames/fps,584,584,1.0000,0
vid_0538,42.533,frames/fps,426,426,1.0000,0
vid_0539,38.033,frames/fps,381,381,1.0000,0
vid_0540,40.167,frames/fps,402,402,1.0000,0
vid_0541,33.233,frames/fps,333,333,1.0000,0
vid_0542,37.100,frames/fps,259,371,1.0000,0
vid_0543,32.067,frames/fps,321,321,1.0000,0
vid_0544,46.400,frames/fps,464,464,1.0000,0
vid_0545,22.300,frames/fps,223,223,1.0000,0
vid_0546,16.933,frames/fps,170,170,1.0000,0
vid_0547,16.700,frames/fps,167,167,1.0000,0
vid_0548,21.200,frames/fps,212,212,1.0000,0
vid_0549,48.033,frames/fps,481,481,1.0000,0
vid_0550,15.533,frames/fps,156,156,1.0000,0
vid_0551,46.100,frames/fps,461,461,1.0000,0
vid_0552,8.800,frames/fps,88,88,1.0000,0
vid_0553,6.300,frames/fps,63,63,1.0000,0
vid_0554,19.433,frames/fps,195,195,1.0000,0
vid_0555,32.067,frames/fps,321,321,1.0000,0
vid_0556,4.300,frames/fps,43,43,1.0000,0
vid_0557,17.267,frames/fps,173,173,1.0000,0
vid_0558,24.933,frames/fps,250,250,1.0000,0
vid_0559,24.533,frames/fps,246,246,1.0000,0
vid_0560,7.133,frames/fps,72,72,1.0000,0
vid_0561,22.133,frames/fps,222,222,1.0000,0
vid_0562,10.000,frames/fps,100,100,1.0000,0
vid_0563,14.200,frames/fps,142,142,1.0000,0
vid_0564,27.133,frames/fps,272,272,1.0000,0
vid_0565,5.600,frames/fps,56,56,1.0000,0
vid_0566,16.800,frames/fps,168,168,1.0000,0
vid_0567,4.100,frames/fps,41,41,1.0000,0
vid_0568,34.667,frames/fps,347,347,1.0000,0
vid_0569,17.933,frames/fps,180,180,1.0000,0
vid_0570,6.533,frames/fps,66,66,1.0000,0
vid_0571,5.400,frames/fps,54,54,1.0000,0
vid_0572,48.667,frames/fps,487,487,1.0000,0
vid_0573,2.633,frames/fps,27,27,1.0000,0
vid_0574,49.533,frames/fps,496,496,1.0000,0
vid_0575,11.067,frames/fps,111,111,1.0000,0
vid_0576,15.500,frames/fps,155,155,1.0000,0
vid_0577,4.167,frames/fps,42,42,1.0000,0
vid_0578,33.100,frames/fps,331,331,1.0000,0
vid_0579,35.833,frames/fps,359,359,1.0000,0
vid_0580,20.800,frames/fps,208,208,1.0000,0
vid_0581,47.000,frames/fps,470,470,1.0000,0
vid_0582,6.667,frames/fps,67,67,1.0000,0
vid_0583,28.567,frames/fps,286,286,1.0000,0
vid_0584,39.133,frames/fps,392,392,1.0000,0
vid_0585,16.800,frames/fps,168,168,1.0000,0
vid_0586,31.833,frames/fps,319,319,1.0000,0
vid_0587,61.000,frames/fps,610,610,1.0000,0
vid_0588,52.000,frames/fps,520,520,1.0000,0
vid_0589,12.533,frames/fps,126,126,1.0000,0
vid_0590,40.433,frames/fps,405,405,1.0000,0
vid_0591,8.733,frames/fps,88,88,1.0000,0
vid_0592,52.467,frames/fps,525,525,1.0000,0
vid_0593,44.267,frames/fps,443,443,1.0000,0
vid_0594,17.700,frames/fps,177,177,1.0000,0
vid_0595,18.967,frames/fps,190,190,1.0000,0
vid_0596,9.467,frames/fps,95,95,1.0000,0
vid_0597,12.733,frames/fps,128,128,1.0000,0
vid_0598,26.067,frames/fps,261,261,1.0000,0
vid_0599,29.033,frames/fps,291,291,1.0000,0
vid_0600,5.733,frames/fps,58,58,1.0000,0
vid_0601,12.600,frames/fps,126,126,1.0000,0
vid_0602,13.467,frames/fps,135,135,1.0000,0
vid_0603,6.800,frames/fps,68,68,1.0000,0
vid_0604,30.900,frames/fps,309,309,1.0000,0
vid_0605,3.600,frames/fps,36,36,1.0000,0
vid_0606,37.667,frames/fps,377,377,1.0000,0
vid_0607,15.500,frames/fps,155,155,1.0000,0
vid_0608,15.333,frames/fps,154,154,1.0000,0
vid_0609,21.067,frames/fps,211,211,1.0000,0
vid_0610,6.267,frames/fps,63,63,1.0000,0
vid_0611,24.167,frames/fps,242,242,1.0000,0
vid_0612,14.567,frames/fps,146,146,1.0000,0
vid_0613,16.767,frames/fps,168,168,1.0000,0
vid_0614,30.067,frames/fps,301,301,1.0000,0
vid_0615,23.733,frames/fps,238,238,1.0000,0
vid_0616,56.767,frames/fps,568,568,1.0000,0
vid_0617,17.133,frames/fps,172,172,1.0000,0
vid_0618,32.100,frames/fps,321,321,1.0000,0
vid_0619,8.300,frames/fps,83,83,1.0000,0
vid_0620,55.800,frames/fps,558,558,1.0000,0
vid_0621,33.033,frames/fps,331,331,1.0000,0
vid_0622,54.033,frames/fps,541,541,1.0000,0
vid_0623,9.500,frames/fps,95,95,1.0000,0
vid_0624,29.700,frames/fps,297,297,1.0000,0
vid_0625,60.533,frames/fps,606,606,1.0000,0
vid_0626,21.667,frames/fps,217,217,1.0000,0
vid_0627,19.200,frames/fps,192,192,1.0000,0
vid_0628,20.033,frames/fps,201,201,1.0000,0
vid_0629,46.800,frames/fps,468,468,1.0000,0
vid_0630,60.633,frames/fps,607,607,1.0000,0
vid_0631,16.767,frames/fps,168,168,1.0000,0
vid_0632,15.700,frames/fps,157,157,1.0000,0
vid_0633,21.067,frames/fps,211,211,1.0000,0
vid_0634,43.333,frames/fps,434,434,1.0000,0
vid_0635,14.700,frames/fps,147,147,1.0000,0
vid_0636,13.033,frames/fps,131,131,1.0000,0
vid_0637,5.500,frames/fps,55,55,1.0000,0
vid_0638,25.300,frames/fps,253,253,1.0000,0
vid_0639,6.433,frames/fps,65,65,1.0000,0
vid_0640,53.767,frames/fps,538,538,1.0000,0
vid_0641,18.400,frames/fps,184,184,1.0000,0
vid_0642,21.933,frames/fps,220,220,1.0000,0
vid_0643,11.233,frames/fps,113,113,1.0000,0
vid_0644,21.533,frames/fps,216,216,1.0000,0
vid_0645,16.067,frames/fps,158,161,1.0000,0
vid_0646,42.500,frames/fps,425,425,1.0000,0
vid_0647,24.867,frames/fps,249,249,1.0000,0
vid_0648,7.000,frames/fps,70,70,1.0000,0
vid_0649,60.533,frames/fps,606,606,1.0000,0
vid_0650,53.667,frames/fps,537,537,1.0000,0
vid_0651,56.567,frames/fps,566,566,1.0000,0
vid_0652,33.333,frames/fps,334,334,1.0000,0
vid_0653,60.533,frames/fps,606,606,1.0000,0
vid_0654,27.867,frames/fps,279,279,1.0000,0
vid_0655,30.167,frames/fps,302,302,1.0000,0
vid_0656,59.733,frames/fps,598,598,1.0000,0
vid_0657,33.333,frames/fps,334,334,1.0000,0
vid_0658,17.933,frames/fps,180,180,1.0000,0
vid_0659,57.300,frames/fps,573,573,1.0000,0
vid_0660,45.500,frames/fps,455,455,1.0000,0
vid_0661,60.533,frames/fps,604,606,1.0000,0
vid_0662,11.333,frames/fps,114,114,1.0000,0
vid_0663,22.633,frames/fps,227,227,1.0000,0
vid_0664,0.633,frames/fps,7,7,1.0000,1
vid_0665,59.433,frames/fps,595,595,1.0000,0
vid_0666,14.700,frames/fps,147,147,1.0000,0
vid_0667,23.567,frames/fps,236,236,1.0000,0
vid_0668,54.133,frames/fps,542,542,1.0000,0
vid_0669,34.967,frames/fps,350,350,1.0000,0
vid_0670,33.000,frames/fps,330,330,1.0000,0
vid_0671,45.667,frames/fps,457,457,1.0000,0
vid_0672,22.933,frames/fps,230,230,1.0000,0
vid_0673,14.033,frames/fps,141,141,1.0000,0
vid_0674,51.133,frames/fps,512,512,1.0000,0
vid_0675,16.133,frames/fps,162,162,1.0000,0
vid_0676,33.767,frames/fps,338,338,1.0000,0
vid_0677,23.567,frames/fps,236,236,1.0000,0
vid_0678,48.500,frames/fps,485,485,1.0000,0
vid_0679,13.767,frames/fps,138,138,1.0000,0
vid_0680,20.267,frames/fps,203,203,1.0000,0
vid_0681,24.367,frames/fps,244,244,1.0000,0
vid_0682,57.767,frames/fps,578,578,1.0000,0
vid_0683,21.367,frames/fps,214,214,1.0000,0
vid_0684,60.533,frames/fps,606,606,1.0000,0
vid_0685,34.000,frames/fps,340,340,1.0000,0
vid_0686,10.067,frames/fps,101,101,1.0000,0
vid_0687,15.467,frames/fps,155,155,1.0000,0
vid_0688,15.900,frames/fps,159,159,1.0000,0
vid_0689,22.300,frames/fps,223,223,1.0000,0
vid_0690,22.967,frames/fps,230,230,1.0000,0
vid_0691,53.233,frames/fps,533,533,1.0000,0
vid_0692,60.500,frames/fps,596,605,1.0000,0
vid_0693,42.900,frames/fps,429,429,1.0000,0
vid_0694,31.367,frames/fps,314,314,1.0000,0
vid_0695,10.333,frames/fps,104,104,1.0000,0
vid_0696,28.500,frames/fps,285,285,1.0000,0
vid_0697,8.967,frames/fps,90,90,1.0000,0
vid_0698,12.400,frames/fps,124,124,1.0000,0
vid_0699,6.600,frames/fps,66,66,1.0000,0
vid_0700,7.300,frames/fps,73,73,1.0000,0
vid_0701,15.933,frames/fps,160,160,1.0000,0
vid_0702,16.400,frames/fps,164,164,1.0000,0
vid_0703,20.800,frames/fps,208,208,1.0000,0
vid_0704,13.467,frames/fps,135,135,1.0000,0
vid_0705,40.633,frames/fps,403,407,1.0000,0
vid_0706,15.200,frames/fps,152,152,1.0000,0
vid_0707,27.633,frames/fps,277,277,1.0000,0
vid_0708,22.800,frames/fps,228,228,1.0000,0
vid_0709,21.200,frames/fps,212,212,1.0000,0
vid_0710,25.567,frames/fps,256,256,1.0000,0
vid_0711,31.000,frames/fps,310,310,1.0000,0
vid_0712,20.433,frames/fps,205,205,1.0000,0
vid_0713,14.000,frames/fps,140,140,1.0000,0
vid_0714,13.500,frames/fps,135,135,1.0000,0
vid_0715,7.300,frames/fps,73,73,1.0000,0
vid_0716,11.467,frames/fps,115,115,1.0000,0
vid_0717,20.200,frames/fps,202,202,1.0000,0
vid_0718,14.033,frames/fps,141,141,1.0000,0
vid_0719,60.533,frames/fps,606,606,1.0000,0
vid_0720,7.400,frames/fps,74,74,1.0000,0
vid_0721,15.467,frames/fps,155,155,1.0000,0
vid_0722,6.867,frames/fps,69,69,1.0000,0
vid_0723,50.167,frames/fps,502,502,1.0000,0
vid_0724,23.633,frames/fps,237,237,1.0000,0
vid_0725,13.267,frames/fps,133,133,1.0000,0
vid_0726,17.900,frames/fps,179,179,1.0000,0
vid_0727,51.933,frames/fps,520,520,1.0000,0
vid_0728,50.367,frames/fps,504,504,1.0000,0
vid_0729,10.800,frames/fps,108,108,1.0000,0
vid_0730,35.833,frames/fps,359,359,1.0000,0
vid_0731,41.333,frames/fps,414,414,1.0000,0
vid_0732,23.633,frames/fps,237,237,1.0000,0
vid_0733,23.700,frames/fps,237,237,1.0000,0
vid_0734,22.200,frames/fps,222,222,1.0000,0
vid_0735,24.600,frames/fps,246,246,1.0000,0
vid_0736,33.000,frames/fps,330,330,1.0000,0
vid_0737,37.100,frames/fps,371,371,1.0000,0
vid_0738,16.500,frames/fps,165,165,1.0000,0
vid_0739,25.767,frames/fps,258,258,1.0000,0
vid_0740,20.733,frames/fps,208,208,1.0000,0
vid_0741,29.600,frames/fps,296,296,1.0000,0
vid_0742,17.500,frames/fps,175,175,1.0000,0
vid_0743,41.400,frames/fps,414,414,1.0000,0
vid_0744,34.833,frames/fps,349,349,1.0000,0
vid_0745,35.033,frames/fps,351,351,1.0000,0
vid_0746,25.367,frames/fps,254,254,1.0000,0
vid_0747,10.100,frames/fps,101,101,1.0000,0
vid_0748,13.600,frames/fps,136,136,1.0000,0
vid_0749,60.367,frames/fps,604,604,1.0000,0
vid_0750,28.600,frames/fps,286,286,1.0000,0
vid_0751,7.900,frames/fps,79,79,1.0000,0
vid_0752,58.267,frames/fps,583,583,1.0000,0
vid_0753,16.600,frames/fps,166,166,1.0000,0
vid_0754,37.933,frames/fps,380,380,1.0000,0
vid_0755,14.000,frames/fps,140,140,1.0000,0
vid_0756,28.600,frames/fps,286,286,1.0000,0
vid_0757,1.400,frames/fps,14,14,1.0000,1
vid_0758,38.300,frames/fps,382,383,1.0000,0
vid_0759,6.600,frames/fps,65,66,1.0000,0
vid_0760,13.700,frames/fps,135,137,1.0000,0
vid_0761,40.133,frames/fps,402,402,1.0000,0
vid_0762,8.933,frames/fps,90,90,1.0000,0
vid_0763,45.467,frames/fps,455,455,1.0000,0
vid_0764,14.567,frames/fps,146,146,1.0000,0
vid_0765,28.167,frames/fps,282,282,1.0000,0
vid_0766,22.533,frames/fps,226,226,1.0000,0
vid_0767,34.400,frames/fps,344,344,1.0000,0
vid_0768,28.467,frames/fps,285,285,1.0000,0
vid_0769,34.500,frames/fps,345,345,1.0000,0
vid_0770,30.100,frames/fps,301,301,1.0000,0
vid_0771,27.600,frames/fps,276,276,1.0000,0
vid_0772,22.467,frames/fps,225,225,1.0000,0
vid_0773,36.633,frames/fps,367,367,1.0000,0
vid_0774,25.433,frames/fps,255,255,1.0000,0
vid_0775,22.833,frames/fps,229,229,1.0000,0
vid_0776,40.333,frames/fps,404,404,1.0000,0
vid_0777,44.800,frames/fps,448,448,1.0000,0
vid_0778,23.500,frames/fps,235,235,1.0000,0
vid_0779,30.000,frames/fps,300,300,1.0000,0
vid_0780,42.633,frames/fps,427,427,1.0000,0
vid_0781,7.567,frames/fps,76,76,1.0000,0
vid_0782,23.667,frames/fps,237,237,1.0000,0
vid_0783,18.767,frames/fps,188,188,1.0000,0
vid_0784,24.433,frames/fps,245,245,1.0000,0
vid_0785,10.433,frames/fps,105,105,1.0000,0
vid_0786,35.633,frames/fps,357,357,1.0000,0
vid_0787,12.367,frames/fps,124,124,1.0000,0
vid_0788,25.233,frames/fps,253,253,1.0000,0
vid_0789,15.600,frames/fps,156,156,1.0000,0
vid_0790,46.400,frames/fps,464,464,1.0000,0
vid_0791,24.900,frames/fps,249,249,1.0000,0
vid_0792,11.067,frames/fps,111,111,1.0000,0
vid_0793,58.167,frames/fps,582,582,1.0000,0
vid_0794,11.500,frames/fps,115,115,1.0000,0
vid_0795,17.300,frames/fps,173,173,1.0000,0
vid_0796,1.100,frames/fps,11,11,1.0000,1
vid_0797,4.500,frames/fps,45,45,1.0000,0
vid_0798,12.767,frames/fps,128,128,1.0000,0
vid_0799,23.367,frames/fps,234,234,1.0000,0
vid_0800,36.400,frames/fps,364,364,1.0000,0
vid_0801,42.467,frames/fps,425,425,1.0000,0
vid_0802,31.600,frames/fps,316,316,1.0000,0
vid_0803,16.133,frames/fps,162,162,1.0000,0
vid_0804,31.200,frames/fps,312,312,1.0000,0
vid_0805,32.100,frames/fps,321,321,1.0000,0
vid_0806,35.767,frames/fps,358,358,1.0000,0
vid_0807,14.767,frames/fps,148,148,1.0000,0
vid_0808,20.167,frames/fps,202,202,1.0000,0
vid_0809,48.200,frames/fps,481,482,1.0000,0
vid_0810,2.400,frames/fps,24,24,1.0000,0
vid_0811,43.633,frames/fps,437,437,1.0000,0
vid_0812,15.767,frames/fps,158,158,1.0000,0
vid_0813,30.100,frames/fps,301,301,1.0000,0
vid_0814,13.667,frames/fps,137,137,1.0000,0
vid_0815,45.267,frames/fps,453,453,1.0000,0
vid_0816,26.533,frames/fps,266,266,1.0000,0
vid_0817,28.033,frames/fps,281,281,1.0000,0
vid_0818,48.100,frames/fps,481,481,1.0000,0
vid_0819,34.900,frames/fps,344,349,1.0000,0
vid_0820,59.100,frames/fps,591,591,1.0000,0
vid_0821,31.367,frames/fps,314,314,1.0000,0
vid_0822,53.300,frames/fps,533,533,1.0000,0
vid_0823,18.833,frames/fps,189,189,1.0000,0
vid_0824,45.200,frames/fps,452,452,1.0000,0
vid_0825,12.100,frames/fps,121,121,1.0000,0
vid_0826,28.233,frames/fps,283,283,1.0000,0
vid_0827,12.100,frames/fps,121,121,1.0000,0
vid_0828,56.567,frames/fps,566,566,1.0000,0
vid_0829,48.600,frames/fps,486,486,1.0000,0
vid_0830,28.233,frames/fps,283,283,1.0000,0
vid_0831,31.000,frames/fps,310,310,1.0000,0
vid_0832,29.133,frames/fps,292,292,1.0000,0
vid_0833,0.800,frames/fps,8,8,1.0000,1
vid_0834,23.567,frames/fps,236,236,1.0000,0
vid_0835,26.633,frames/fps,267,267,1.0000,0
vid_0836,32.367,frames/fps,324,324,1.0000,0
vid_0837,21.367,frames/fps,214,214,1.0000,0
vid_0838,16.400,frames/fps,164,164,1.0000,0
vid_0839,52.733,frames/fps,528,528,1.0000,0
vid_0840,24.933,frames/fps,250,250,1.0000,0
vid_0841,39.500,frames/fps,395,395,1.0000,0
vid_0842,21.367,frames/fps,213,214,1.0000,0
vid_0843,48.300,frames/fps,483,483,1.0000,0
vid_0844,26.900,frames/fps,269,269,1.0000,0
vid_0845,9.167,frames/fps,92,92,1.0000,0
vid_0846,37.467,frames/fps,375,375,1.0000,0
vid_0847,7.800,frames/fps,78,78,1.0000,0
vid_0848,33.067,frames/fps,331,331,1.0000,0
vid_0849,17.600,frames/fps,173,176,1.0000,0
vid_0850,37.433,frames/fps,375,375,1.0000,0
vid_0851,46.367,frames/fps,464,464,1.0000,0
vid_0852,59.967,frames/fps,600,600,1.0000,0
vid_0853,8.033,frames/fps,81,81,1.0000,0
vid_0854,20.000,frames/fps,200,200,1.0000,0
vid_0855,15.333,frames/fps,154,154,1.0000,0
vid_0856,23.767,frames/fps,238,238,1.0000,0
vid_0857,43.800,frames/fps,423,438,1.0000,0
vid_0858,59.800,frames/fps,598,598,1.0000,0
vid_0859,13.600,frames/fps,136,136,1.0000,0
vid_0860,14.400,frames/fps,144,144,1.0000,0
vid_0861,17.900,frames/fps,179,179,1.0000,0
vid_0862,22.133,frames/fps,222,222,1.0000,0
vid_0863,12.667,frames/fps,127,127,1.0000,0
vid_0864,60.500,frames/fps,605,605,1.0000,0
vid_0865,19.567,frames/fps,196,196,1.0000,0
vid_0866,20.433,frames/fps,205,205,1.0000,0
vid_0867,50.500,frames/fps,505,505,1.0000,0
vid_0868,14.067,frames/fps,141,141,1.0000,0
vid_0869,24.767,frames/fps,248,248,1.0000,0
vid_0870,21.000,frames/fps,210,210,1.0000,0
vid_0871,14.700,frames/fps,147,147,1.0000,0
vid_0872,19.967,frames/fps,200,200,1.0000,0
vid_0873,19.100,frames/fps,191,191,1.0000,0
vid_0874,55.033,frames/fps,551,551,1.0000,0
vid_0875,6.933,frames/fps,70,70,1.0000,0
vid_0876,39.233,frames/fps,393,393,1.0000,0
vid_0877,56.967,frames/fps,570,570,1.0000,0
vid_0878,28.300,frames/fps,283,283,1.0000,0
vid_0879,8.600,frames/fps,86,86,1.0000,0
vid_0880,14.733,frames/fps,148,148,1.0000,0
vid_0881,13.167,frames/fps,132,132,1.0000,0
vid_0882,27.400,frames/fps,274,274,1.0000,0
vid_0883,14.000,frames/fps,140,140,1.0000,0
vid_0884,57.000,frames/fps,570,570,1.0000,0
vid_0885,8.500,frames/fps,85,85,1.0000,0
vid_0886,13.500,frames/fps,135,135,1.0000,0
vid_0887,45.400,frames/fps,454,454,1.0000,0
vid_0888,20.733,frames/fps,208,208,1.0000,0
vid_0889,51.233,frames/fps,513,513,1.0000,0
vid_0890,50.300,frames/fps,503,503,1.0000,0
vid_0891,46.733,frames/fps,468,468,1.0000,0
vid_0892,21.333,frames/fps,214,214,1.0000,0
vid_0893,17.233,frames/fps,173,173,1.0000,0
vid_0894,29.967,frames/fps,300,300,1.0000,0
vid_0895,14.300,frames/fps,143,143,1.0000,0
vid_0896,28.700,frames/fps,287,287,1.0000,0
vid_0897,14.633,frames/fps,147,147,1.0000,0
vid_0898,27.233,frames/fps,273,273,1.0000,0
vid_0899,48.400,frames/fps,484,484,1.0000,0
vid_0900,20.200,frames/fps,202,202,1.0000,0
vid_0901,20.467,frames/fps,205,205,1.0000,0
vid_0902,20.833,frames/fps,209,209,1.0000,0
vid_0903,18.133,frames/fps,182,182,1.0000,0
vid_0904,13.967,frames/fps,140,140,1.0000,0
vid_0905,45.467,frames/fps,455,455,1.0000,0
vid_0906,23.067,frames/fps,231,231,1.0000,0
vid_0907,35.067,frames/fps,351,351,1.0000,0
vid_0908,22.033,frames/fps,221,221,1.0000,0
vid_0909,24.333,frames/fps,244,244,1.0000,0
vid_0910,15.833,frames/fps,159,159,1.0000,0
vid_0911,25.433,frames/fps,255,255,1.0000,0
vid_0912,53.300,frames/fps,533,533,1.0000,0
vid_0913,48.433,frames/fps,485,485,1.0000,0
vid_0914,16.567,frames/fps,166,166,1.0000,0
vid_0915,37.033,frames/fps,371,371,1.0000,0
vid_0916,14.633,frames/fps,147,147,1.0000,0
vid_0917,17.967,frames/fps,180,180,1.0000,0
vid_0918,28.200,frames/fps,282,282,1.0000,0
vid_0919,27.133,frames/fps,272,272,1.0000,0
vid_0920,29.067,frames/fps,291,291,1.0000,0
vid_0921,18.333,frames/fps,184,184,1.0000,0
vid_0922,50.700,frames/fps,507,507,1.0000,0
vid_0923,13.267,frames/fps,133,133,1.0000,0
vid_0924,13.200,frames/fps,132,132,1.0000,0
vid_0925,29.067,frames/fps,291,291,1.0000,0
vid_0926,30.100,frames/fps,301,301,1.0000,0
vid_0927,31.700,frames/fps,317,317,1.0000,0
vid_0928,16.233,frames/fps,163,163,1.0000,0
vid_0929,29.800,frames/fps,298,298,1.0000,0
vid_0930,16.967,frames/fps,170,170,1.0000,0
vid_0931,38.967,frames/fps,390,390,1.0000,0
vid_0932,14.567,frames/fps,146,146,1.0000,0
vid_0933,60.433,frames/fps,605,605,1.0000,0
vid_0934,42.233,frames/fps,423,423,1.0000,0
vid_0935,11.767,frames/fps,118,118,1.0000,0
vid_0936,43.067,frames/fps,431,431,1.0000,0
vid_0937,18.700,frames/fps,187,187,1.0000,0
vid_0938,25.767,frames/fps,258,258,1.0000,0
vid_0939,12.100,frames/fps,121,121,1.0000,0
vid_0940,24.533,frames/fps,246,246,1.0000,0
vid_0941,9.733,frames/fps,98,98,1.0000,0
vid_0942,16.000,frames/fps,160,160,1.0000,0
vid_0943,34.800,frames/fps,348,348,1.0000,0
vid_0944,31.067,frames/fps,311,311,1.0000,0
vid_0945,0.633,frames/fps,7,7,1.0000,1
vid_0946,60.500,frames/fps,605,605,1.0000,0
vid_0947,23.267,frames/fps,233,233,1.0000,0
vid_0948,33.033,frames/fps,331,331,1.0000,0
vid_0949,9.000,frames/fps,90,90,1.0000,0
vid_0950,14.167,frames/fps,139,142,1.0000,0
vid_0951,42.467,frames/fps,425,425,1.0000,0
vid_0952,42.033,frames/fps,421,421,1.0000,0
vid_0953,35.467,frames/fps,355,355,1.0000,0
vid_0954,50.900,frames/fps,506,509,1.0000,0
vid_0955,11.533,frames/fps,116,116,1.0000,0
vid_0956,26.600,frames/fps,266,266,1.0000,0
vid_0957,60.000,frames/fps,600,600,1.0000,0
vid_0958,20.867,frames/fps,209,209,1.0000,0
vid_0959,33.233,frames/fps,333,333,1.0000,0
vid_0960,16.600,frames/fps,166,166,1.0000,0
vid_0961,3.600,frames/fps,36,36,1.0000,0
vid_0962,58.933,frames/fps,590,590,1.0000,0
vid_0963,16.167,frames/fps,162,162,1.0000,0
vid_0964,17.867,frames/fps,179,179,1.0000,0
vid_0965,48.467,frames/fps,485,485,1.0000,0
vid_0966,22.367,frames/fps,224,224,1.0000,0
vid_0967,51.433,frames/fps,515,515,1.0000,0
vid_0968,59.400,frames/fps,594,594,1.0000,0
vid_0969,22.333,frames/fps,224,224,1.0000,0
vid_0970,60.533,frames/fps,606,606,1.0000,0
vid_0971,47.167,frames/fps,472,472,1.0000,0
vid_0972,21.733,frames/fps,218,218,1.0000,0
vid_0973,29.467,frames/fps,295,295,1.0000,0
vid_0974,21.667,frames/fps,217,217,1.0000,0
vid_0975,60.367,frames/fps,604,604,1.0000,0
vid_0976,46.200,frames/fps,462,462,1.0000,0
vid_0977,47.167,frames/fps,472,472,1.0000,0
vid_0978,32.367,frames/fps,324,324,1.0000,0
vid_0979,36.967,frames/fps,370,370,1.0000,0
vid_0980,27.733,frames/fps,278,278,1.0000,0
vid_0981,56.500,frames/fps,565,565,1.0000,0
vid_0982,32.200,frames/fps,322,322,1.0000,0
vid_0983,21.667,frames/fps,217,217,1.0000,0
vid_0984,24.200,frames/fps,242,242,1.0000,0
vid_0985,60.367,frames/fps,604,604,1.0000,0
vid_0986,56.700,frames/fps,567,567,1.0000,0
vid_0987,25.800,frames/fps,258,258,1.0000,0
vid_0988,60.533,frames/fps,606,606,1.0000,0
vid_0989,50.067,frames/fps,501,501,1.0000,0
vid_0990,43.967,frames/fps,440,440,1.0000,0
vid_0991,51.433,frames/fps,515,515,1.0000,0
vid_0992,19.933,frames/fps,200,200,1.0000,0
vid_0993,28.933,frames/fps,290,290,1.0000,0
vid_0994,60.533,frames/fps,605,606,1.0000,0
vid_0995,36.600,frames/fps,366,366,1.0000,0
vid_0996,43.000,frames/fps,430,430,1.0000,0
vid_0997,43.000,frames/fps,430,430,1.0000,0
vid_0998,60.267,frames/fps,603,603,1.0000,0
vid_0999,27.433,frames/fps,275,275,1.0000,0
vid_1000,23.333,frames/fps,234,234,1.0000,0
vid_1001,31.533,frames/fps,316,316,1.0000,0
vid_1002,16.967,frames/fps,170,170,1.0000,0
vid_1003,44.400,frames/fps,444,444,1.0000,0
vid_1004,4.867,frames/fps,49,49,1.0000,0
vid_1005,60.533,frames/fps,606,606,1.0000,0
vid_1006,45.900,frames/fps,459,459,1.0000,0
vid_1007,60.500,frames/fps,605,605,1.0000,0
vid_1008,55.533,frames/fps,556,556,1.0000,0
vid_1009,39.867,frames/fps,387,399,1.0000,0
vid_1010,36.933,frames/fps,370,370,1.0000,0
vid_1011,32.933,frames/fps,330,330,1.0000,0
vid_1012,26.400,frames/fps,264,264,1.0000,0
vid_1013,43.600,frames/fps,436,436,1.0000,0
vid_1014,23.600,frames/fps,236,236,1.0000,0
vid_1015,23.233,frames/fps,233,233,1.0000,0
vid_1016,29.133,frames/fps,292,292,1.0000,0
vid_1017,60.533,frames/fps,603,606,1.0000,0
vid_1018,26.967,frames/fps,270,270,1.0000,0
vid_1019,46.767,frames/fps,468,468,1.0000,0
vid_1020,22.667,frames/fps,227,227,1.0000,0
vid_1021,28.233,frames/fps,283,283,1.0000,0
vid_1022,16.033,frames/fps,161,161,1.0000,0
vid_1023,12.800,frames/fps,128,128,1.0000,0
vid_1024,52.967,frames/fps,530,530,1.0000,0
vid_1025,8.200,frames/fps,82,82,1.0000,0
vid_1026,21.533,frames/fps,216,216,1.0000,0
vid_1027,28.733,frames/fps,288,288,1.0000,0
vid_1028,19.667,frames/fps,197,197,1.0000,0
vid_1029,46.767,frames/fps,468,468,1.0000,0
vid_1030,40.500,frames/fps,405,405,1.0000,0
vid_1031,20.000,frames/fps,200,200,1.0000,0
vid_1032,25.867,frames/fps,259,259,1.0000,0
vid_1033,18.133,frames/fps,182,182,1.0000,0
vid_1034,6.067,frames/fps,61,61,1.0000,0
vid_1035,20.900,frames/fps,209,209,1.0000,0
vid_1036,16.633,frames/fps,167,167,1.0000,0
vid_1037,5.700,frames/fps,57,57,1.0000,0
vid_1038,29.400,frames/fps,294,294,1.0000,0
vid_1039,5.700,frames/fps,57,57,1.0000,0
vid_1040,6.100,frames/fps,61,61,1.0000,0
vid_1041,31.667,frames/fps,317,317,1.0000,0
vid_1042,10.800,frames/fps,108,108,1.0000,0
vid_1043,10.933,frames/fps,110,110,1.0000,0
vid_1044,8.967,frames/fps,90,90,1.0000,0
vid_1045,25.333,frames/fps,254,254,1.0000,0
vid_1046,7.267,frames/fps,73,73,1.0000,0
vid_1047,25.367,frames/fps,254,254,1.0000,0
vid_1048,17.200,frames/fps,172,172,1.0000,0
vid_1049,18.533,frames/fps,186,186,1.0000,0
vid_1050,6.467,frames/fps,65,65,1.0000,0
vid_1051,42.933,frames/fps,430,430,1.0000,0
vid_1052,54.400,frames/fps,544,544,1.0000,0
vid_1053,27.967,frames/fps,280,280,1.0000,0
vid_1054,20.667,frames/fps,207,207,1.0000,0
vid_1055,21.267,frames/fps,213,213,1.0000,0
vid_1056,18.633,frames/fps,187,187,1.0000,0
vid_1057,28.200,frames/fps,282,282,1.0000,0
vid_1058,7.733,frames/fps,78,78,1.0000,0
vid_1059,21.133,frames/fps,212,212,1.0000,0
vid_1060,40.500,frames/fps,405,405,1.0000,0
vid_1061,21.033,frames/fps,211,211,1.0000,0
vid_1062,22.300,frames/fps,223,223,1.0000,0
vid_1063,32.467,frames/fps,325,325,1.0000,0
vid_1064,10.233,frames/fps,103,103,1.0000,0
vid_1065,10.633,frames/fps,107,107,1.0000,0
vid_1066,27.733,frames/fps,278,278,1.0000,0
vid_1067,22.733,frames/fps,228,228,1.0000,0
vid_1068,28.800,frames/fps,288,288,1.0000,0
vid_1069,53.400,frames/fps,534,534,1.0000,0
vid_1070,56.000,frames/fps,560,560,1.0000,0
vid_1071,10.900,frames/fps,109,109,1.0000,0
vid_1072,21.433,frames/fps,215,215,1.0000,0
vid_1073,11.600,frames/fps,116,116,1.0000,0
vid_1074,15.633,frames/fps,157,157,1.0000,0
vid_1075,23.900,frames/fps,239,239,1.0000,0
vid_1076,60.500,frames/fps,605,605,1.0000,0
vid_1077,25.867,frames/fps,259,259,1.0000,0
vid_1078,18.800,frames/fps,188,188,1.0000,0
vid_1079,43.400,frames/fps,434,434,1.0000,0
vid_1080,28.333,frames/fps,284,284,1.0000,0
vid_1081,33.800,frames/fps,338,338,1.0000,0
vid_1082,59.867,frames/fps,599,599,1.0000,0
vid_1083,35.300,frames/fps,353,353,1.0000,0
vid_1084,46.300,frames/fps,463,463,1.0000,0
vid_1085,23.300,frames/fps,233,233,1.0000,0
vid_1086,50.600,frames/fps,506,506,1.0000,0
vid_1087,34.367,frames/fps,344,344,1.0000,0
vid_1088,17.600,frames/fps,176,176,1.0000,0
vid_1089,10.300,frames/fps,103,103,1.0000,0
vid_1090,42.133,frames/fps,422,422,1.0000,0
vid_1091,8.100,frames/fps,81,81,1.0000,0
vid_1092,8.333,frames/fps,84,84,1.0000,0
vid_1093,19.433,frames/fps,192,195,1.0000,0
vid_1094,7.533,frames/fps,76,76,1.0000,0
vid_1095,56.333,frames/fps,564,564,1.0000,0
vid_1096,56.367,frames/fps,564,564,1.0000,0
vid_1097,17.800,frames/fps,178,178,1.0000,0
vid_1098,31.833,frames/fps,319,319,1.0000,0
vid_1099,13.400,frames/fps,134,134,1.0000,0
vid_1100,41.900,frames/fps,419,419,1.0000,0
vid_1101,25.567,frames/fps,256,256,1.0000,0
vid_1102,56.367,frames/fps,564,564,1.0000,0
vid_1103,28.967,frames/fps,290,290,1.0000,0
vid_1104,8.800,frames/fps,88,88,1.0000,0
vid_1105,24.133,frames/fps,242,242,1.0000,0
vid_1106,16.667,frames/fps,167,167,1.0000,0
vid_1107,29.500,frames/fps,295,295,1.0000,0
vid_1108,8.033,frames/fps,81,81,1.0000,0
vid_1109,42.733,frames/fps,428,428,1.0000,0
vid_1110,46.600,frames/fps,466,466,1.0000,0
vid_1111,8.767,frames/fps,88,88,1.0000,0
vid_1112,15.900,frames/fps,159,159,1.0000,0
vid_1113,35.200,frames/fps,352,352,1.0000,0
vid_1114,20.000,frames/fps,200,200,1.0000,0
vid_1115,30.500,frames/fps,305,305,1.0000,0
vid_1116,13.100,frames/fps,131,131,1.0000,0
vid_1117,25.233,frames/fps,253,253,1.0000,0
vid_1118,24.267,frames/fps,243,243,1.0000,0
vid_1119,18.533,frames/fps,186,186,1.0000,0
vid_1120,17.767,frames/fps,178,178,1.0000,0
vid_1121,42.967,frames/fps,430,430,1.0000,0
vid_1122,15.733,frames/fps,158,158,1.0000,0
vid_1123,34.100,frames/fps,341,341,1.0000,0
vid_1124,19.800,frames/fps,198,198,1.0000,0
vid_1125,30.233,frames/fps,303,303,1.0000,0
vid_1126,53.700,frames/fps,537,537,1.0000,0
vid_1127,36.667,frames/fps,367,367,1.0000,0
vid_1128,10.000,frames/fps,100,100,1.0000,0
vid_1129,59.800,frames/fps,598,598,1.0000,0
vid_1130,24.467,frames/fps,245,245,1.0000,0
vid_1131,50.567,frames/fps,506,506,1.0000,0
vid_1132,36.400,frames/fps,364,364,1.0000,0
vid_1133,16.067,frames/fps,161,161,1.0000,0
vid_1134,17.433,frames/fps,175,175,1.0000,0
vid_1135,36.033,frames/fps,361,361,1.0000,0
vid_1136,60.533,frames/fps,606,606,1.0000,0
vid_1137,57.033,frames/fps,555,571,1.0000,0
vid_1138,22.800,frames/fps,228,228,1.0000,0
vid_1139,25.400,frames/fps,254,254,1.0000,0
vid_1140,45.167,frames/fps,452,452,1.0000,0
vid_1141,12.900,frames/fps,129,129,1.0000,0
vid_1142,47.567,frames/fps,476,476,1.0000,0
vid_1143,43.133,frames/fps,432,432,1.0000,0
vid_1144,45.967,frames/fps,460,460,1.0000,0
vid_1145,14.567,frames/fps,146,146,1.0000,0
vid_1146,29.000,frames/fps,290,290,1.0000,0
vid_1147,8.967,frames/fps,90,90,1.0000,0
vid_1148,15.733,frames/fps,158,158,1.0000,0
vid_1149,20.133,frames/fps,202,202,1.0000,0
vid_1150,33.967,frames/fps,340,340,1.0000,0
vid_1151,58.800,frames/fps,588,588,1.0000,0
vid_1152,18.700,frames/fps,187,187,1.0000,0
vid_1153,14.533,frames/fps,146,146,1.0000,0
vid_1154,60.500,frames/fps,605,605,1.0000,0
vid_1155,12.900,frames/fps,129,129,1.0000,0
vid_1156,25.200,frames/fps,252,252,1.0000,0
vid_1157,40.867,frames/fps,409,409,1.0000,0
vid_1158,47.300,frames/fps,473,473,1.0000,0
vid_1159,32.200,frames/fps,322,322,1.0000,0
vid_1160,54.733,frames/fps,548,548,1.0000,0
vid_1161,5.100,frames/fps,51,51,1.0000,0
vid_1162,19.300,frames/fps,192,193,1.0000,0
vid_1163,24.667,frames/fps,247,247,1.0000,0
vid_1164,16.033,frames/fps,161,161,1.0000,0
vid_1165,21.767,frames/fps,218,218,1.0000,0
vid_1166,15.300,frames/fps,153,153,1.0000,0
vid_1167,39.300,frames/fps,393,393,1.0000,0
vid_1168,53.033,frames/fps,531,531,1.0000,0
vid_1169,44.900,frames/fps,449,449,1.0000,0
vid_1170,23.900,frames/fps,239,239,1.0000,0
vid_1171,36.333,frames/fps,364,364,1.0000,0
vid_1172,20.833,frames/fps,209,209,1.0000,0
vid_1173,7.033,frames/fps,71,71,1.0000,0
vid_1174,38.167,frames/fps,382,382,1.0000,0
vid_1175,24.067,frames/fps,241,241,1.0000,0
vid_1176,4.633,frames/fps,47,47,1.0000,0
vid_1177,52.367,frames/fps,524,524,1.0000,0
vid_1178,18.300,frames/fps,183,183,1.0000,0
vid_1179,7.467,frames/fps,75,75,1.0000,0
vid_1180,52.233,frames/fps,517,523,1.0000,0
vid_1181,33.533,frames/fps,336,336,1.0000,0
vid_1182,52.933,frames/fps,530,530,1.0000,0
vid_1183,0.633,frames/fps,7,7,1.0000,1
vid_1184,8.600,frames/fps,86,86,1.0000,0
vid_1185,56.767,frames/fps,568,568,1.0000,0
vid_1186,21.567,frames/fps,216,216,1.0000,0
vid_1187,28.100,frames/fps,281,281,1.0000,0
vid_1188,37.233,frames/fps,373,373,1.0000,0
vid_1189,55.200,frames/fps,552,552,1.0000,0
vid_1190,25.833,frames/fps,259,259,1.0000,0
vid_1191,16.833,frames/fps,169,169,1.0000,0
vid_1192,14.000,frames/fps,140,140,1.0000,0
vid_1193,20.033,frames/fps,201,201,1.0000,0
vid_1194,19.833,frames/fps,199,199,1.0000,0
vid_1195,16.933,frames/fps,143,170,1.0000,0
vid_1196,57.067,frames/fps,571,571,1.0000,0
vid_1197,35.433,frames/fps,355,355,1.0000,0
vid_1198,7.433,frames/fps,75,75,1.0000,0
vid_1199,57.367,frames/fps,574,574,1.0000,0
vid_1200,27.267,frames/fps,273,273,1.0000,0
vid_1201,25.100,frames/fps,251,251,1.0000,0
vid_1202,60.533,frames/fps,606,606,1.0000,0
vid_1203,28.933,frames/fps,290,290,1.0000,0
vid_1204,51.667,frames/fps,517,517,1.0000,0
vid_1205,33.100,frames/fps,331,331,1.0000,0
vid_1206,5.500,frames/fps,55,55,1.0000,0
vid_1207,59.633,frames/fps,597,597,1.0000,0
vid_1208,11.300,frames/fps,113,113,1.0000,0
vid_1209,20.267,frames/fps,203,203,1.0000,0
vid_1210,15.600,frames/fps,156,156,1.0000,0
vid_1211,60.533,frames/fps,606,606,1.0000,0
vid_1212,60.533,frames/fps,606,606,1.0000,0
vid_1213,12.100,frames/fps,121,121,1.0000,0
vid_1214,18.033,frames/fps,181,181,1.0000,0
vid_1215,35.233,frames/fps,353,353,1.0000,0
vid_1216,12.367,frames/fps,124,124,1.0000,0
vid_1217,14.933,frames/fps,150,150,1.0000,0
vid_1218,32.600,frames/fps,326,326,1.0000,0
vid_1219,36.633,frames/fps,367,367,1.0000,0
vid_1220,47.967,frames/fps,480,480,1.0000,0
vid_1221,53.600,frames/fps,536,536,1.0000,0
vid_1222,23.800,frames/fps,238,238,1.0000,0
vid_1223,60.533,frames/fps,606,606,1.0000,0
vid_1224,29.833,frames/fps,299,299,1.0000,0
vid_1225,60.500,frames/fps,605,605,1.0000,0
vid_1226,24.700,frames/fps,247,247,1.0000,0
vid_1227,56.500,frames/fps,565,565,1.0000,0
vid_1228,29.800,frames/fps,298,298,1.0000,0
vid_1229,58.967,frames/fps,590,590,1.0000,0
vid_1230,13.400,frames/fps,134,134,1.0000,0
vid_1231,52.067,frames/fps,521,521,1.0000,0
vid_1232,52.033,frames/fps,521,521,1.0000,0
vid_1233,57.000,frames/fps,570,570,1.0000,0
vid_1234,13.400,frames/fps,134,134,1.0000,0
vid_1235,15.633,frames/fps,157,157,1.0000,0
vid_1236,18.267,frames/fps,183,183,1.0000,0
vid_1237,13.400,frames/fps,134,134,1.0000,0
vid_1238,47.233,frames/fps,473,473,1.0000,0
vid_1239,9.000,frames/fps,90,90,1.0000,0
vid_1240,17.733,frames/fps,178,178,1.0000,0
vid_1241,16.100,frames/fps,161,161,1.0000,0
vid_1242,19.633,frames/fps,197,197,1.0000,0
vid_1243,9.100,frames/fps,91,91,1.0000,0
vid_1244,17.067,frames/fps,171,171,1.0000,0
vid_1245,38.233,frames/fps,383,383,1.0000,0
vid_1246,23.800,frames/fps,238,238,1.0000,0
vid_1247,29.733,frames/fps,298,298,1.0000,0
vid_1248,58.300,frames/fps,583,583,1.0000,0
vid_1249,26.600,frames/fps,266,266,1.0000,0
vid_1250,60.533,frames/fps,606,606,1.0000,0
vid_1251,51.333,frames/fps,514,514,1.0000,0
vid_1252,10.933,frames/fps,110,110,1.0000,0
vid_1253,24.800,frames/fps,248,248,1.0000,0
vid_1254,52.300,frames/fps,521,523,1.0000,0
vid_1255,56.600,frames/fps,566,566,1.0000,0
vid_1256,28.467,frames/fps,285,285,1.0000,0
vid_1257,38.333,frames/fps,384,384,1.0000,0
vid_1258,50.633,frames/fps,507,507,1.0000,0
vid_1259,22.933,frames/fps,230,230,1.0000,0
vid_1260,25.800,frames/fps,258,258,1.0000,0
vid_1261,28.967,frames/fps,290,290,1.0000,0
vid_1262,23.000,frames/fps,230,230,1.0000,0
vid_1263,55.633,frames/fps,557,557,1.0000,0
vid_1264,29.767,frames/fps,298,298,1.0000,0
vid_1265,54.067,frames/fps,541,541,1.0000,0
vid_1266,59.400,frames/fps,594,594,1.0000,0
vid_1267,59.733,frames/fps,598,598,1.0000,0
vid_1268,21.067,frames/fps,211,211,1.0000,0
vid_1269,28.000,frames/fps,280,280,1.0000,0
vid_1270,13.600,frames/fps,136,136,1.0000,0
vid_1271,30.700,frames/fps,307,307,1.0000,0
vid_1272,11.433,frames/fps,115,115,1.0000,0
vid_1273,53.900,frames/fps,539,539,1.0000,0
vid_1274,39.600,frames/fps,395,396,1.0000,0
vid_1275,25.267,frames/fps,253,253,1.0000,0
vid_1276,8.700,frames/fps,87,87,1.0000,0
vid_1277,57.867,frames/fps,579,579,1.0000,0
vid_1278,37.967,frames/fps,374,380,1.0000,0
vid_1279,6.633,frames/fps,67,67,1.0000,0
vid_1280,11.433,frames/fps,115,115,1.0000,0
vid_1281,11.600,frames/fps,116,116,1.0000,0
vid_1282,38.933,frames/fps,390,390,1.0000,0
vid_1283,4.233,frames/fps,43,43,1.0000,0
vid_1284,18.533,frames/fps,186,186,1.0000,0
vid_1285,17.667,frames/fps,177,177,1.0000,0
vid_1286,21.700,frames/fps,216,217,1.0000,0
vid_1287,45.067,frames/fps,451,451,1.0000,0
vid_1288,54.667,frames/fps,547,547,1.0000,0
vid_1289,20.400,frames/fps,204,204,1.0000,0
vid_1290,41.200,frames/fps,412,412,1.0000,0
vid_1291,46.833,frames/fps,469,469,1.0000,0
vid_1292,49.200,frames/fps,492,492,1.0000,0
vid_1293,15.700,frames/fps,157,157,1.0000,0
vid_1294,15.833,frames/fps,159,159,1.0000,0
vid_1295,21.667,frames/fps,217,217,1.0000,0
vid_1296,58.667,frames/fps,587,587,1.0000,0
vid_1297,52.067,frames/fps,521,521,1.0000,0
vid_1298,18.633,frames/fps,187,187,1.0000,0
vid_1299,39.833,frames/fps,399,399,1.0000,0
vid_1300,25.767,frames/fps,258,258,1.0000,0
vid_1301,20.700,frames/fps,207,207,1.0000,0
vid_1302,18.700,frames/fps,185,187,1.0000,0
vid_1303,43.933,frames/fps,440,440,1.0000,0
vid_1304,26.667,frames/fps,267,267,1.0000,0
vid_1305,28.900,frames/fps,289,289,1.0000,0
vid_1306,21.300,frames/fps,213,213,1.0000,0
vid_1307,25.800,frames/fps,258,258,1.0000,0
vid_1308,25.933,frames/fps,260,260,1.0000,0
vid_1309,48.567,frames/fps,486,486,1.0000,0
vid_1310,26.933,frames/fps,270,270,1.0000,0
vid_1311,59.700,frames/fps,597,597,1.0000,0
vid_1312,57.300,frames/fps,573,573,1.0000,0
vid_1313,26.533,frames/fps,266,266,1.0000,0
vid_1314,55.400,frames/fps,554,554,1.0000,0
vid_1315,55.467,frames/fps,555,555,1.0000,0
vid_1316,10.300,frames/fps,103,103,1.0000,0
vid_1317,60.500,frames/fps,605,605,1.0000,0
vid_1318,56.500,frames/fps,565,565,1.0000,0
vid_1319,13.033,frames/fps,131,131,1.0000,0
vid_1320,58.800,frames/fps,567,588,1.0000,0
vid_1321,13.933,frames/fps,140,140,1.0000,0
vid_1322,56.500,frames/fps,565,565,1.0000,0
vid_1323,30.133,frames/fps,302,302,1.0000,0
vid_1324,31.633,frames/fps,317,317,1.0000,0
vid_1325,27.300,frames/fps,273,273,1.0000,0
vid_1326,23.667,frames/fps,237,237,1.0000,0
vid_1327,37.967,frames/fps,380,380,1.0000,0
vid_1328,12.467,frames/fps,121,125,1.0000,0
vid_1329,11.367,frames/fps,114,114,1.0000,0
vid_1330,9.333,frames/fps,94,94,1.0000,0
vid_1331,46.200,frames/fps,462,462,1.0000,0
vid_1332,34.167,frames/fps,342,342,1.0000,0
vid_1333,19.467,frames/fps,195,195,1.0000,0
vid_1334,23.433,frames/fps,235,235,1.0000,0
vid_1335,33.633,frames/fps,337,337,1.0000,0
vid_1336,0.633,frames/fps,7,7,1.0000,1
vid_1337,34.933,frames/fps,350,350,1.0000,0
vid_1338,13.633,frames/fps,137,137,1.0000,0
vid_1339,33.633,frames/fps,337,337,1.0000,0
vid_1340,47.967,frames/fps,480,480,1.0000,0
vid_1341,11.733,frames/fps,118,118,1.0000,0
vid_1342,26.400,frames/fps,264,264,1.0000,0
vid_1343,28.800,frames/fps,288,288,1.0000,0
vid_1344,46.667,frames/fps,467,467,1.0000,0
vid_1345,28.800,frames/fps,288,288,1.0000,0
vid_1346,31.467,frames/fps,315,315,1.0000,0
vid_1347,18.633,frames/fps,187,187,1.0000,0
vid_1348,0.633,frames/fps,7,7,1.0000,1
vid_1349,29.467,frames/fps,295,295,1.0000,0
vid_1350,53.900,frames/fps,539,539,1.0000,0
vid_1351,16.100,frames/fps,161,161,1.0000,0
vid_1352,46.667,frames/fps,467,467,1.0000,0
vid_1353,51.133,frames/fps,512,512,1.0000,0
vid_1354,8.400,frames/fps,84,84,1.0000,0
vid_1355,31.033,frames/fps,311,311,1.0000,0
vid_1356,44.433,frames/fps,445,445,1.0000,0
vid_1357,30.500,frames/fps,305,305,1.0000,0
vid_1358,23.267,frames/fps,233,233,1.0000,0
vid_1359,20.533,frames/fps,206,206,1.0000,0
vid_1360,48.400,frames/fps,484,484,1.0000,0
vid_1361,15.833,frames/fps,159,159,1.0000,0
vid_1362,23.200,frames/fps,232,232,1.0000,0
vid_1363,39.133,frames/fps,392,392,1.0000,0
vid_1364,30.900,frames/fps,309,309,1.0000,0
vid_1365,41.933,frames/fps,420,420,1.0000,0
vid_1366,9.767,frames/fps,98,98,1.0000,0
vid_1367,20.900,frames/fps,209,209,1.0000,0
vid_1368,42.967,frames/fps,430,430,1.0000,0
vid_1369,20.700,frames/fps,207,207,1.0000,0
vid_1370,32.833,frames/fps,329,329,1.0000,0
vid_1371,28.500,frames/fps,285,285,1.0000,0
vid_1372,12.333,frames/fps,124,124,1.0000,0
vid_1373,54.467,frames/fps,545,545,1.0000,0
vid_1374,54.100,frames/fps,541,541,1.0000,0
vid_1375,12.767,frames/fps,128,128,1.0000,0
vid_1376,30.833,frames/fps,309,309,1.0000,0
vid_1377,0.633,frames/fps,7,7,1.0000,1
vid_1378,55.067,frames/fps,551,551,1.0000,0
vid_1379,47.200,frames/fps,465,472,1.0000,0
vid_1380,38.433,frames/fps,385,385,1.0000,0
vid_1381,34.667,frames/fps,347,347,1.0000,0
vid_1382,45.967,frames/fps,460,460,1.0000,0
vid_1383,23.700,frames/fps,237,237,1.0000,0
vid_1384,40.433,frames/fps,405,405,1.0000,0
vid_1385,53.400,frames/fps,534,534,1.0000,0
vid_1386,41.700,frames/fps,417,417,1.0000,0
vid_1387,60.500,frames/fps,605,605,1.0000,0
vid_1388,56.933,frames/fps,570,570,1.0000,0
vid_1389,61.400,frames/fps,608,614,1.0000,0
vid_1390,22.300,frames/fps,223,223,1.0000,0
vid_1391,53.800,frames/fps,538,538,1.0000,0
vid_1392,22.600,frames/fps,226,226,1.0000,0
vid_1393,14.500,frames/fps,145,145,1.0000,0
vid_1394,60.767,frames/fps,608,608,1.0000,0
vid_1395,48.100,frames/fps,481,481,1.0000,0
vid_1396,25.267,frames/fps,252,253,1.0000,0
vid_1397,44.533,frames/fps,440,446,1.0000,0
vid_1398,22.767,frames/fps,228,228,1.0000,0
vid_1399,34.533,frames/fps,346,346,1.0000,0
vid_1400,19.933,frames/fps,200,200,1.0000,0
vid_1401,0.633,frames/fps,7,7,1.0000,1
vid_1402,43.333,frames/fps,434,434,1.0000,0
vid_1403,33.500,frames/fps,335,335,1.0000,0
vid_1404,37.100,frames/fps,371,371,1.0000,0
vid_1405,29.333,frames/fps,294,294,1.0000,0
vid_1406,27.533,frames/fps,276,276,1.0000,0
vid_1407,60.500,frames/fps,605,605,1.0000,0
vid_1408,15.800,frames/fps,158,158,1.0000,0
vid_1409,58.400,frames/fps,584,584,1.0000,0
vid_1410,8.600,frames/fps,86,86,1.0000,0
vid_1411,23.000,frames/fps,230,230,1.0000,0
vid_1412,12.367,frames/fps,124,124,1.0000,0
vid_1413,10.167,frames/fps,102,102,1.0000,0
vid_1414,0.633,frames/fps,7,7,1.0000,1
vid_1415,30.067,frames/fps,301,301,1.0000,0
vid_1416,9.533,frames/fps,96,96,1.0000,0
vid_1417,31.533,frames/fps,316,316,1.0000,0
vid_1418,59.833,frames/fps,599,599,1.0000,0
vid_1419,30.567,frames/fps,306,306,1.0000,0
vid_1420,17.033,frames/fps,171,171,1.0000,0
vid_1421,36.567,frames/fps,366,366,1.0000,0
vid_1422,57.167,frames/fps,565,572,1.0000,0
vid_1423,59.833,frames/fps,599,599,1.0000,0
vid_1424,40.367,frames/fps,404,404,1.0000,0
vid_1425,19.800,frames/fps,198,198,1.0000,0
vid_1426,55.067,frames/fps,551,551,1.0000,0
vid_1427,48.967,frames/fps,490,490,1.0000,0
vid_1428,17.233,frames/fps,173,173,1.0000,0
vid_1429,60.100,frames/fps,600,601,1.0000,0
vid_1430,34.867,frames/fps,349,349,1.0000,0
vid_1431,46.000,frames/fps,460,460,1.0000,0
vid_1432,39.167,frames/fps,392,392,1.0000,0
vid_1433,37.600,frames/fps,376,376,1.0000,0
vid_1434,42.267,frames/fps,423,423,1.0000,0
vid_1435,35.100,frames/fps,349,351,1.0000,0
vid_1436,51.600,frames/fps,516,516,1.0000,0
vid_1437,12.533,frames/fps,126,126,1.0000,0
vid_1438,59.200,frames/fps,592,592,1.0000,0
vid_1439,44.067,frames/fps,441,441,1.0000,0
vid_1440,34.833,frames/fps,349,349,1.0000,0
vid_1441,22.900,frames/fps,229,229,1.0000,0
vid_1442,40.100,frames/fps,401,401,1.0000,0
vid_1443,30.833,frames/fps,309,309,1.0000,0
vid_1444,29.733,frames/fps,298,298,1.0000,0
vid_1445,22.800,frames/fps,228,228,1.0000,0
vid_1446,0.633,frames/fps,7,7,1.0000,1
vid_1447,19.300,frames/fps,193,193,1.0000,0
vid_1448,29.067,frames/fps,291,291,1.0000,0
vid_1449,42.033,frames/fps,421,421,1.0000,0
vid_1450,48.533,frames/fps,486,486,1.0000,0
vid_1451,1.233,frames/fps,13,13,1.0000,1
vid_1452,20.533,frames/fps,206,206,1.0000,0
vid_1453,59.533,frames/fps,596,596,1.0000,0
vid_1454,30.200,frames/fps,302,302,1.0000,0
vid_1455,51.533,frames/fps,516,516,1.0000,0
vid_1456,39.833,frames/fps,399,399,1.0000,0
vid_1457,53.600,frames/fps,536,536,1.0000,0
vid_1458,53.600,frames/fps,536,536,1.0000,0
vid_1459,15.300,frames/fps,153,153,1.0000,0
vid_1460,51.300,frames/fps,513,513,1.0000,0
vid_1461,23.367,frames/fps,234,234,1.0000,0
vid_1462,15.533,frames/fps,156,156,1.0000,0
vid_1463,58.400,frames/fps,584,584,1.0000,0
vid_1464,43.300,frames/fps,433,433,1.0000,0
vid_1465,35.233,frames/fps,353,353,1.0000,0
vid_1466,60.567,frames/fps,606,606,1.0000,0
vid_1467,25.000,frames/fps,250,250,1.0000,0
vid_1468,23.100,frames/fps,231,231,1.0000,0
vid_1469,60.533,frames/fps,606,606,1.0000,0
vid_1470,51.867,frames/fps,519,519,1.0000,0
vid_1471,31.033,frames/fps,311,311,1.0000,0
vid_1472,30.667,frames/fps,307,307,1.0000,0
vid_1473,51.900,frames/fps,519,519,1.0000,0
vid_1474,36.100,frames/fps,361,361,1.0000,0
vid_1475,12.500,frames/fps,125,125,1.0000,0
vid_1476,52.633,frames/fps,527,527,1.0000,0
vid_1477,25.300,frames/fps,253,253,1.0000,0
vid_1478,34.100,frames/fps,341,341,1.0000,0
vid_1479,28.333,frames/fps,284,284,1.0000,0
vid_1480,15.567,frames/fps,156,156,1.0000,0
vid_1481,28.067,frames/fps,281,281,1.0000,0
vid_1482,23.600,frames/fps,236,236,1.0000,0
vid_1483,9.333,frames/fps,94,94,1.0000,0
vid_1484,15.967,frames/fps,160,160,1.0000,0
vid_1485,38.833,frames/fps,389,389,1.0000,0
vid_1486,20.367,frames/fps,204,204,1.0000,0
vid_1487,8.767,frames/fps,88,88,1.0000,0
vid_1488,42.900,frames/fps,429,429,1.0000,0
vid_1489,46.567,frames/fps,466,466,1.0000,0
vid_1490,53.867,frames/fps,539,539,1.0000,0
vid_1491,53.900,frames/fps,539,539,1.0000,0
vid_1492,37.667,frames/fps,377,377,1.0000,0
vid_1493,15.567,frames/fps,156,156,1.0000,0
vid_1494,8.133,frames/fps,82,82,1.0000,0
vid_1495,30.867,frames/fps,309,309,1.0000,0
vid_1496,50.267,frames/fps,503,503,1.0000,0
vid_1497,34.233,frames/fps,343,343,1.0000,0
vid_1498,32.233,frames/fps,323,323,1.0000,0
vid_1499,59.933,frames/fps,600,600,1.0000,0
vid_1500,53.200,frames/fps,532,532,1.0000,0
vid_1501,24.667,frames/fps,247,247,1.0000,0
vid_1502,27.633,frames/fps,277,277,1.0000,0
vid_1503,21.733,frames/fps,218,218,1.0000,0
vid_1504,40.700,frames/fps,407,407,1.0000,0
vid_1505,22.400,frames/fps,224,224,1.0000,0
vid_1506,31.433,frames/fps,315,315,1.0000,0
vid_1507,19.133,frames/fps,192,192,1.0000,0
vid_1508,54.700,frames/fps,547,547,1.0000,0
vid_1509,28.833,frames/fps,289,289,1.0000,0
vid_1510,47.400,frames/fps,474,474,1.0000,0
vid_1511,8.467,frames/fps,85,85,1.0000,0
vid_1512,9.367,frames/fps,94,94,1.0000,0
vid_1513,24.133,frames/fps,242,242,1.0000,0
vid_1514,40.700,frames/fps,407,407,1.0000,0
vid_1515,5.200,frames/fps,52,52,1.0000,0
vid_1516,15.800,frames/fps,158,158,1.0000,0
vid_1517,31.900,frames/fps,319,319,1.0000,0
vid_1518,38.767,frames/fps,388,388,1.0000,0
vid_1519,30.800,frames/fps,308,308,1.0000,0
vid_1520,6.700,frames/fps,67,67,1.0000,0
vid_1521,36.800,frames/fps,368,368,1.0000,0
vid_1522,53.800,frames/fps,538,538,1.0000,0
vid_1523,32.500,frames/fps,325,325,1.0000,0
vid_1524,20.900,frames/fps,209,209,1.0000,0
vid_1525,37.367,frames/fps,374,374,1.0000,0
vid_1526,25.433,frames/fps,255,255,1.0000,0
vid_1527,47.567,frames/fps,476,476,1.0000,0
vid_1528,53.533,frames/fps,536,536,1.0000,0
vid_1529,44.600,frames/fps,446,446,1.0000,0
vid_1530,60.533,frames/fps,606,606,1.0000,0
vid_1531,34.833,frames/fps,349,349,1.0000,0
vid_1532,42.633,frames/fps,427,427,1.0000,0
vid_1533,48.900,frames/fps,489,489,1.0000,0
vid_1534,60.533,frames/fps,606,606,1.0000,0
vid_1535,47.633,frames/fps,477,477,1.0000,0
vid_1536,57.000,frames/fps,570,570,1.0000,0
vid_1537,42.600,frames/fps,426,426,1.0000,0
vid_1538,14.667,frames/fps,147,147,1.0000,0
vid_1539,35.000,frames/fps,350,350,1.0000,0
vid_1540,47.633,frames/fps,477,477,1.0000,0
vid_1541,34.300,frames/fps,343,343,1.0000,0
vid_1542,29.067,frames/fps,291,291,1.0000,0
vid_1543,41.167,frames/fps,412,412,1.0000,0
vid_1544,22.667,frames/fps,227,227,1.0000,0
vid_1545,13.500,frames/fps,135,135,1.0000,0
vid_1546,47.567,frames/fps,476,476,1.0000,0
vid_1547,33.767,frames/fps,338,338,1.0000,0
vid_1548,13.100,frames/fps,131,131,1.0000,0
vid_1549,28.900,frames/fps,289,289,1.0000,0
vid_1550,52.833,frames/fps,529,529,1.0000,0
vid_1551,41.000,frames/fps,410,410,1.0000,0
vid_1552,56.400,frames/fps,564,564,1.0000,0
vid_1553,42.300,frames/fps,423,423,1.0000,0
vid_1554,35.133,frames/fps,352,352,1.0000,0
vid_1555,35.400,frames/fps,354,354,1.0000,0
vid_1556,44.333,frames/fps,444,444,1.0000,0
vid_1557,49.400,frames/fps,494,494,1.0000,0
vid_1558,57.233,frames/fps,573,573,1.0000,0
vid_1559,57.967,frames/fps,580,580,1.0000,0
vid_1560,18.600,frames/fps,186,186,1.0000,0
vid_1561,45.067,frames/fps,451,451,1.0000,0
vid_1562,53.467,frames/fps,535,535,1.0000,0
vid_1563,27.133,frames/fps,272,272,1.0000,0
vid_1564,37.367,frames/fps,374,374,1.0000,0
vid_1565,52.700,frames/fps,527,527,1.0000,0
vid_1566,41.800,frames/fps,418,418,1.0000,0
vid_1567,13.933,frames/fps,140,140,1.0000,0
vid_1568,58.267,frames/fps,583,583,1.0000,0
vid_1569,43.367,frames/fps,434,434,1.0000,0
vid_1570,13.833,frames/fps,139,139,1.0000,0
vid_1571,39.967,frames/fps,400,400,1.0000,0
vid_1572,31.333,frames/fps,314,314,1.0000,0
vid_1573,38.900,frames/fps,389,389,1.0000,0
vid_1574,45.533,frames/fps,456,456,1.0000,0
vid_1575,13.000,frames/fps,130,130,1.0000,0
vid_1576,44.900,frames/fps,449,449,1.0000,0
vid_1577,26.300,frames/fps,263,263,1.0000,0
vid_1578,14.633,frames/fps,147,147,1.0000,0
vid_1579,17.267,frames/fps,173,173,1.0000,0
vid_1580,21.800,frames/fps,218,218,1.0000,0
vid_1581,40.600,frames/fps,406,406,1.0000,0
vid_1582,28.767,frames/fps,288,288,1.0000,0
vid_1583,34.133,frames/fps,342,342,1.0000,0
vid_1584,11.000,frames/fps,110,110,1.0000,0
vid_1585,24.267,frames/fps,243,243,1.0000,0
vid_1586,19.267,frames/fps,193,193,1.0000,0
vid_1587,20.900,frames/fps,209,209,1.0000,0
vid_1588,30.600,frames/fps,306,306,1.0000,0
vid_1589,42.667,frames/fps,427,427,1.0000,0
vid_1590,34.367,frames/fps,344,344,1.0000,0
vid_1591,13.067,frames/fps,131,131,1.0000,0
vid_1592,58.767,frames/fps,588,588,1.0000,0
vid_1593,55.033,frames/fps,551,551,1.0000,0
vid_1594,16.767,frames/fps,168,168,1.0000,0
vid_1595,20.200,frames/fps,202,202,1.0000,0
vid_1596,47.200,frames/fps,472,472,1.0000,0
vid_1597,38.833,frames/fps,389,389,1.0000,0
vid_1598,40.800,frames/fps,408,408,1.0000,0
vid_1599,49.667,frames/fps,497,497,1.0000,0
vid_1600,59.000,frames/fps,590,590,1.0000,0
vid_1601,30.733,frames/fps,308,308,1.0000,0
vid_1602,20.833,frames/fps,209,209,1.0000,0
vid_1603,15.800,frames/fps,158,158,1.0000,0
vid_1604,12.667,frames/fps,127,127,1.0000,0
vid_1605,49.933,frames/fps,500,500,1.0000,0
vid_1606,44.833,frames/fps,449,449,1.0000,0
vid_1607,58.000,frames/fps,580,580,1.0000,0
vid_1608,60.500,frames/fps,605,605,1.0000,0
vid_1609,43.200,frames/fps,432,432,1.0000,0
vid_1610,35.667,frames/fps,357,357,1.0000,0
vid_1611,14.433,frames/fps,145,145,1.0000,0
vid_1612,55.767,frames/fps,558,558,1.0000,0
vid_1613,40.700,frames/fps,407,407,1.0000,0
vid_1614,5.400,frames/fps,54,54,1.0000,0
vid_1615,60.533,frames/fps,606,606,1.0000,0
vid_1616,47.467,frames/fps,475,475,1.0000,0
vid_1617,51.033,frames/fps,511,511,1.0000,0
vid_1618,15.700,frames/fps,157,157,1.0000,0
vid_1619,18.800,frames/fps,188,188,1.0000,0
vid_1620,19.467,frames/fps,195,195,1.0000,0
vid_1621,13.567,frames/fps,136,136,1.0000,0
vid_1622,56.600,frames/fps,566,566,1.0000,0
vid_1623,42.800,frames/fps,428,428,1.0000,0
vid_1624,10.767,frames/fps,108,108,1.0000,0
vid_1625,55.767,frames/fps,558,558,1.0000,0
vid_1626,22.600,frames/fps,226,226,1.0000,0
vid_1627,27.800,frames/fps,278,278,1.0000,0
vid_1628,27.733,frames/fps,278,278,1.0000,0
vid_1629,59.433,frames/fps,595,595,1.0000,0
vid_1630,5.700,frames/fps,57,57,1.0000,0
vid_1631,12.567,frames/fps,126,126,1.0000,0
vid_1632,55.767,frames/fps,558,558,1.0000,0
vid_1633,51.800,frames/fps,518,518,1.0000,0
vid_1634,37.633,frames/fps,377,377,1.0000,0
vid_1635,45.233,frames/fps,453,453,1.0000,0
vid_1636,47.200,frames/fps,472,472,1.0000,0
vid_1637,30.300,frames/fps,303,303,1.0000,0
vid_1638,60.100,frames/fps,601,601,1.0000,0
vid_1639,15.767,frames/fps,158,158,1.0000,0
vid_1640,43.333,frames/fps,434,434,1.0000,0
vid_1641,11.133,frames/fps,112,112,1.0000,0
vid_1642,9.667,frames/fps,97,97,1.0000,0
vid_1643,60.533,frames/fps,606,606,1.0000,0
vid_1644,41.567,frames/fps,416,416,1.0000,0
vid_1645,37.867,frames/fps,379,379,1.0000,0
vid_1646,18.467,frames/fps,185,185,1.0000,0
vid_1647,42.533,frames/fps,426,426,1.0000,0
vid_1648,18.967,frames/fps,190,190,1.0000,0
vid_1649,38.133,frames/fps,382,382,1.0000,0
vid_1650,28.833,frames/fps,289,289,1.0000,0
vid_1651,54.100,frames/fps,541,541,1.0000,0
vid_1652,23.667,frames/fps,237,237,1.0000,0
vid_1653,26.500,frames/fps,265,265,1.0000,0
vid_1654,34.233,frames/fps,343,343,1.0000,0
vid_1655,43.500,frames/fps,435,435,1.0000,0
vid_1656,37.800,frames/fps,378,378,1.0000,0
vid_1657,5.100,frames/fps,51,51,1.0000,0
vid_1658,29.100,frames/fps,291,291,1.0000,0
vid_1659,48.300,frames/fps,483,483,1.0000,0
vid_1660,47.967,frames/fps,480,480,1.0000,0
vid_1661,24.200,frames/fps,242,242,1.0000,0
vid_1662,9.767,frames/fps,98,98,1.0000,0
vid_1663,60.533,frames/fps,606,606,1.0000,0
vid_1664,25.433,frames/fps,250,255,1.0000,0
vid_1665,24.100,frames/fps,241,241,1.0000,0
vid_1666,55.867,frames/fps,559,559,1.0000,0
vid_1667,0.600,frames/fps,6,6,1.0000,1
vid_1668,27.867,frames/fps,279,279,1.0000,0
vid_1669,10.033,frames/fps,101,101,1.0000,0
vid_1670,51.733,frames/fps,518,518,1.0000,0
vid_1671,41.400,frames/fps,414,414,1.0000,0
vid_1672,20.400,frames/fps,204,204,1.0000,0
vid_1673,58.000,frames/fps,578,580,1.0000,0
vid_1674,13.067,frames/fps,131,131,1.0000,0
vid_1675,59.533,frames/fps,596,596,1.0000,0
vid_1676,54.567,frames/fps,546,546,1.0000,0
vid_1677,47.967,frames/fps,480,480,1.0000,0
vid_1678,50.967,frames/fps,510,510,1.0000,0
vid_1679,36.200,frames/fps,362,362,1.0000,0
vid_1680,34.667,frames/fps,347,347,1.0000,0
vid_1681,2.400,frames/fps,24,24,1.0000,0
vid_1682,7.167,frames/fps,72,72,1.0000,0
vid_1683,7.467,frames/fps,75,75,1.0000,0
vid_1684,43.633,frames/fps,437,437,1.0000,0
vid_1685,39.433,frames/fps,395,395,1.0000,0
vid_1686,30.533,frames/fps,306,306,1.0000,0
vid_1687,20.833,frames/fps,209,209,1.0000,0
vid_1688,28.267,frames/fps,283,283,1.0000,0
vid_1689,11.433,frames/fps,115,115,1.0000,0
vid_1690,29.000,frames/fps,290,290,1.0000,0
vid_1691,23.200,frames/fps,232,232,1.0000,0
vid_1692,16.367,frames/fps,164,164,1.0000,0
vid_1693,60.533,frames/fps,606,606,1.0000,0
vid_1694,39.633,frames/fps,397,397,1.0000,0
vid_1695,16.633,frames/fps,167,167,1.0000,0
vid_1696,60.500,frames/fps,605,605,1.0000,0
vid_1697,30.733,frames/fps,308,308,1.0000,0
vid_1698,43.967,frames/fps,440,440,1.0000,0
vid_1699,58.767,frames/fps,588,588,1.0000,0
vid_1700,29.300,frames/fps,293,293,1.0000,0
vid_1701,14.700,frames/fps,147,147,1.0000,0
vid_1702,60.533,frames/fps,606,606,1.0000,0
vid_1703,37.467,frames/fps,375,375,1.0000,0
vid_1704,30.067,frames/fps,301,301,1.0000,0
vid_1705,60.533,frames/fps,606,606,1.0000,0
vid_1706,22.200,frames/fps,222,222,1.0000,0
vid_1707,31.833,frames/fps,319,319,1.0000,0
vid_1708,60.533,frames/fps,606,606,1.0000,0
vid_1709,26.000,frames/fps,260,260,1.0000,0
vid_1710,41.100,frames/fps,411,411,1.0000,0
vid_1711,58.767,frames/fps,588,588,1.0000,0
vid_1712,14.300,frames/fps,143,143,1.0000,0
vid_1713,47.067,frames/fps,471,471,1.0000,0
vid_1714,60.533,frames/fps,606,606,1.0000,0
vid_1715,33.100,frames/fps,331,331,1.0000,0
vid_1716,19.500,frames/fps,195,195,1.0000,0
vid_1717,8.200,frames/fps,82,82,1.0000,0
vid_1718,19.933,frames/fps,200,200,1.0000,0
vid_1719,22.333,frames/fps,224,224,1.0000,0
vid_1720,12.167,frames/fps,122,122,1.0000,0
vid_1721,27.800,frames/fps,278,278,1.0000,0
vid_1722,20.067,frames/fps,201,201,1.0000,0
vid_1723,60.500,frames/fps,605,605,1.0000,0
vid_1724,34.000,frames/fps,340,340,1.0000,0
vid_1725,29.600,frames/fps,296,296,1.0000,0
vid_1726,41.233,frames/fps,413,413,1.0000,0
vid_1727,51.500,frames/fps,515,515,1.0000,0
vid_1728,10.000,frames/fps,100,100,1.0000,0
vid_1729,18.567,frames/fps,186,186,1.0000,0
vid_1730,38.933,frames/fps,390,390,1.0000,0
vid_1731,30.133,frames/fps,302,302,1.0000,0
vid_1732,52.133,frames/fps,522,522,1.0000,0
vid_1733,26.700,frames/fps,267,267,1.0000,0
vid_1734,59.733,frames/fps,598,598,1.0000,0
vid_1735,21.933,frames/fps,220,220,1.0000,0
vid_1736,28.367,frames/fps,284,284,1.0000,0
vid_1737,49.833,frames/fps,499,499,1.0000,0
vid_1738,22.400,frames/fps,224,224,1.0000,0
vid_1739,15.500,frames/fps,155,155,1.0000,0
vid_1740,38.567,frames/fps,386,386,1.0000,0
vid_1741,11.367,frames/fps,114,114,1.0000,0
vid_1742,14.167,frames/fps,142,142,1.0000,0
vid_1743,34.267,frames/fps,343,343,1.0000,0
vid_1744,7.467,frames/fps,75,75,1.0000,0
vid_1745,38.700,frames/fps,387,387,1.0000,0
vid_1746,15.567,frames/fps,156,156,1.0000,0
vid_1747,23.600,frames/fps,236,236,1.0000,0
vid_1748,38.033,frames/fps,381,381,1.0000,0
vid_1749,40.333,frames/fps,404,404,1.0000,0
vid_1750,19.300,frames/fps,193,193,1.0000,0
vid_1751,55.733,frames/fps,558,558,1.0000,0
vid_1752,9.500,frames/fps,95,95,1.0000,0
vid_1753,40.600,frames/fps,406,406,1.0000,0
vid_1754,26.800,frames/fps,268,268,1.0000,0
vid_1755,57.033,frames/fps,571,571,1.0000,0
vid_1756,37.600,frames/fps,376,376,1.0000,0
vid_1757,26.133,frames/fps,262,262,1.0000,0
vid_1758,58.300,frames/fps,583,583,1.0000,0
vid_1759,22.133,frames/fps,222,222,1.0000,0
vid_1760,31.533,frames/fps,316,316,1.0000,0
vid_1761,56.100,frames/fps,561,561,1.0000,0
vid_1762,25.533,frames/fps,256,256,1.0000,0
vid_1763,47.233,frames/fps,473,473,1.0000,0
vid_1764,26.667,frames/fps,267,267,1.0000,0
vid_1765,44.200,frames/fps,442,442,1.0000,0
vid_1766,60.500,frames/fps,605,605,1.0000,0
vid_1767,42.800,frames/fps,428,428,1.0000,0
vid_1768,48.433,frames/fps,485,485,1.0000,0
vid_1769,60.533,frames/fps,606,606,1.0000,0
vid_1770,34.400,frames/fps,344,344,1.0000,0
vid_1771,45.933,frames/fps,460,460,1.0000,0
vid_1772,12.933,frames/fps,130,130,1.0000,0
vid_1773,34.400,frames/fps,344,344,1.0000,0
vid_1774,24.900,frames/fps,249,249,1.0000,0
vid_1775,43.500,frames/fps,435,435,1.0000,0
vid_1776,15.200,frames/fps,152,152,1.0000,0
vid_1777,38.000,frames/fps,380,380,1.0000,0
vid_1778,25.067,frames/fps,251,251,1.0000,0
vid_1779,8.900,frames/fps,89,89,1.0000,0
vid_1780,31.267,frames/fps,313,313,1.0000,0
vid_1781,60.533,frames/fps,606,606,1.0000,0
vid_1782,34.867,frames/fps,349,349,1.0000,0
vid_1783,9.200,frames/fps,92,92,1.0000,0
vid_1784,5.633,frames/fps,57,57,1.0000,0
vid_1785,31.567,frames/fps,316,316,1.0000,0
vid_1786,15.067,frames/fps,151,151,1.0000,0
vid_1787,36.300,frames/fps,363,363,1.0000,0
vid_1788,16.367,frames/fps,164,164,1.0000,0
vid_1789,14.900,frames/fps,149,149,1.0000,0
vid_1790,20.267,frames/fps,203,203,1.0000,0
vid_1791,44.033,frames/fps,441,441,1.0000,0
vid_1792,14.500,frames/fps,145,145,1.0000,0
vid_1793,21.867,frames/fps,219,219,1.0000,0
vid_1794,20.200,frames/fps,202,202,1.0000,0
vid_1795,30.533,frames/fps,306,306,1.0000,0
vid_1796,37.267,frames/fps,373,373,1.0000,0
vid_1797,39.700,frames/fps,397,397,1.0000,0
vid_1798,19.167,frames/fps,192,192,1.0000,0
vid_1799,14.200,frames/fps,142,142,1.0000,0
vid_1800,42.100,frames/fps,421,421,1.0000,0
vid_1801,13.300,frames/fps,133,133,1.0000,0
vid_1802,23.433,frames/fps,235,235,1.0000,0
vid_1803,37.467,frames/fps,375,375,1.0000,0
vid_1804,48.133,frames/fps,482,482,1.0000,0
vid_1805,21.667,frames/fps,217,217,1.0000,0
vid_1806,6.367,frames/fps,64,64,1.0000,0
vid_1807,42.700,frames/fps,427,427,1.0000,0
vid_1808,26.300,frames/fps,263,263,1.0000,0
vid_1809,12.900,frames/fps,129,129,1.0000,0
vid_1810,38.867,frames/fps,389,389,1.0000,0
vid_1811,50.933,frames/fps,509,510,1.0000,0
vid_1812,8.133,frames/fps,82,82,1.0000,0
vid_1813,12.367,frames/fps,124,124,1.0000,0
vid_1814,7.033,frames/fps,71,71,1.0000,0
vid_1815,16.133,frames/fps,162,162,1.0000,0
vid_1816,29.567,frames/fps,296,296,1.0000,0
vid_1817,21.000,frames/fps,210,210,1.0000,0
vid_1818,23.133,frames/fps,232,232,1.0000,0
vid_1819,10.033,frames/fps,101,101,1.0000,0
vid_1820,28.200,frames/fps,282,282,1.0000,0
vid_1821,56.900,frames/fps,569,569,1.0000,0
vid_1822,20.000,frames/fps,200,200,1.0000,0
vid_1823,45.400,frames/fps,454,454,1.0000,0
vid_1824,7.067,frames/fps,71,71,1.0000,0
vid_1825,6.267,frames/fps,63,63,1.0000,0
vid_1826,30.733,frames/fps,308,308,1.0000,0
vid_1827,26.200,frames/fps,262,262,1.0000,0
vid_1828,23.300,frames/fps,233,233,1.0000,0
vid_1829,12.167,frames/fps,122,122,1.0000,0
vid_1830,53.000,frames/fps,530,530,1.0000,0
vid_1831,26.633,frames/fps,264,267,1.0000,0
vid_1832,29.900,frames/fps,299,299,1.0000,0
vid_1833,32.333,frames/fps,324,324,1.0000,0
vid_1834,15.667,frames/fps,157,157,1.0000,0
vid_1835,8.467,frames/fps,85,85,1.0000,0
vid_1836,24.933,frames/fps,250,250,1.0000,0
vid_1837,30.433,frames/fps,305,305,1.0000,0
vid_1838,54.667,frames/fps,547,547,1.0000,0
vid_1839,29.267,frames/fps,293,293,1.0000,0
vid_1840,6.000,frames/fps,60,60,1.0000,0
vid_1841,35.833,frames/fps,359,359,1.0000,0
vid_1842,20.133,frames/fps,202,202,1.0000,0
vid_1843,15.100,frames/fps,151,151,1.0000,0
vid_1844,17.433,frames/fps,175,175,1.0000,0
vid_1845,27.400,frames/fps,274,274,1.0000,0
vid_1846,42.100,frames/fps,421,421,1.0000,0
vid_1847,18.767,frames/fps,188,188,1.0000,0
vid_1848,18.767,frames/fps,188,188,1.0000,0
vid_1849,54.967,frames/fps,550,550,1.0000,0
vid_1850,21.767,frames/fps,218,218,1.0000,0
vid_1851,9.267,frames/fps,93,93,1.0000,0
vid_1852,44.300,frames/fps,443,443,1.0000,0
vid_1853,14.633,frames/fps,147,147,1.0000,0
vid_1854,52.600,frames/fps,521,526,1.0000,0
vid_1855,60.533,frames/fps,606,606,1.0000,0
vid_1856,39.767,frames/fps,398,398,1.0000,0
vid_1857,47.100,frames/fps,471,471,1.0000,0
vid_1858,53.167,frames/fps,532,532,1.0000,0
vid_1859,21.300,frames/fps,213,213,1.0000,0
vid_1860,60.167,frames/fps,602,602,1.0000,0
vid_1861,21.633,frames/fps,217,217,1.0000,0
vid_1862,16.500,frames/fps,165,165,1.0000,0
vid_1863,18.567,frames/fps,186,186,1.0000,0
vid_1864,5.233,frames/fps,53,53,1.0000,0
vid_1865,8.967,frames/fps,90,90,1.0000,0
vid_1866,28.867,frames/fps,289,289,1.0000,0
vid_1867,47.100,frames/fps,471,471,1.0000,0
vid_1868,19.033,frames/fps,191,191,1.0000,0
vid_1869,44.267,frames/fps,443,443,1.0000,0
vid_1870,60.500,frames/fps,605,605,1.0000,0
vid_1871,12.367,frames/fps,124,124,1.0000,0
vid_1872,8.800,frames/fps,88,88,1.0000,0
vid_1873,44.600,frames/fps,446,446,1.0000,0
vid_1874,22.867,frames/fps,229,229,1.0000,0
vid_1875,22.133,frames/fps,222,222,1.0000,0
vid_1876,11.300,frames/fps,113,113,1.0000,0
vid_1877,34.967,frames/fps,350,350,1.0000,0
vid_1878,43.700,frames/fps,437,437,1.0000,0
vid_1879,49.967,frames/fps,500,500,1.0000,0
vid_1880,31.767,frames/fps,318,318,1.0000,0
vid_1881,8.767,frames/fps,88,88,1.0000,0
vid_1882,39.567,frames/fps,396,396,1.0000,0
vid_1883,17.733,frames/fps,178,178,1.0000,0
vid_1884,17.600,frames/fps,176,176,1.0000,0
vid_1885,11.167,frames/fps,112,112,1.0000,0
vid_1886,31.367,frames/fps,314,314,1.0000,0
vid_1887,3.600,frames/fps,36,36,1.0000,0
vid_1888,19.167,frames/fps,192,192,1.0000,0
vid_1889,29.600,frames/fps,296,296,1.0000,0
vid_1890,15.600,frames/fps,156,156,1.0000,0
vid_1891,3.533,frames/fps,36,36,1.0000,0
vid_1892,28.100,frames/fps,281,281,1.0000,0
vid_1893,17.767,frames/fps,178,178,1.0000,0
vid_1894,9.600,frames/fps,96,96,1.0000,0
vid_1895,18.200,frames/fps,182,182,1.0000,0
vid_1896,20.167,frames/fps,202,202,1.0000,0
vid_1897,16.600,frames/fps,166,166,1.0000,0
vid_1898,25.333,frames/fps,254,254,1.0000,0
vid_1899,0.633,frames/fps,7,7,1.0000,1
vid_1900,58.133,frames/fps,582,582,1.0000,0
vid_1901,0.633,frames/fps,7,7,1.0000,1
vid_1902,9.767,frames/fps,98,98,1.0000,0
vid_1903,7.667,frames/fps,77,77,1.0000,0
vid_1904,32.567,frames/fps,326,326,1.0000,0
vid_1905,24.633,frames/fps,247,247,1.0000,0
vid_1906,37.233,frames/fps,373,373,1.0000,0
vid_1907,39.267,frames/fps,393,393,1.0000,0
vid_1908,15.100,frames/fps,151,151,1.0000,0
vid_1909,22.633,frames/fps,227,227,1.0000,0
vid_1910,11.967,frames/fps,120,120,1.0000,0
vid_1911,18.733,frames/fps,188,188,1.0000,0
vid_1912,10.167,frames/fps,102,102,1.0000,0
vid_1913,31.800,frames/fps,318,318,1.0000,0
vid_1914,23.967,frames/fps,240,240,1.0000,0
vid_1915,4.233,frames/fps,43,43,1.0000,0
vid_1916,48.200,frames/fps,482,482,1.0000,0
vid_1917,25.600,frames/fps,256,256,1.0000,0
vid_1918,36.133,frames/fps,362,362,1.0000,0
vid_1919,9.967,frames/fps,100,100,1.0000,0
vid_1920,11.633,frames/fps,117,117,1.0000,0
vid_1921,13.133,frames/fps,132,132,1.0000,0
vid_1922,38.700,frames/fps,387,387,1.0000,0
vid_1923,22.867,frames/fps,229,229,1.0000,0
vid_1924,1.600,frames/fps,16,16,1.0000,1
vid_1925,20.833,frames/fps,205,209,1.0000,0
vid_1926,55.467,frames/fps,555,555,1.0000,0
vid_1927,38.400,frames/fps,384,384,1.0000,0
vid_1928,57.600,frames/fps,576,576,1.0000,0
vid_1929,13.133,frames/fps,132,132,1.0000,0
vid_1930,23.867,frames/fps,239,239,1.0000,0
vid_1931,44.733,frames/fps,448,448,1.0000,0
vid_1932,24.867,frames/fps,249,249,1.0000,0
vid_1933,9.500,frames/fps,95,95,1.0000,0
vid_1934,14.833,frames/fps,149,149,1.0000,0
vid_1935,43.967,frames/fps,440,440,1.0000,0
vid_1936,49.333,frames/fps,494,494,1.0000,0
vid_1937,21.200,frames/fps,212,212,1.0000,0
vid_1938,35.933,frames/fps,360,360,1.0000,0
vid_1939,15.800,frames/fps,158,158,1.0000,0
vid_1940,35.933,frames/fps,360,360,1.0000,0
vid_1941,13.500,frames/fps,135,135,1.0000,0
vid_1942,1.400,frames/fps,14,14,1.0000,1
vid_1943,14.867,frames/fps,149,149,1.0000,0
vid_1944,34.667,frames/fps,347,347,1.0000,0
vid_1945,17.700,frames/fps,177,177,1.0000,0
vid_1946,30.800,frames/fps,308,308,1.0000,0
vid_1947,15.100,frames/fps,151,151,1.0000,0
vid_1948,11.567,frames/fps,116,116,1.0000,0
vid_1949,24.700,frames/fps,247,247,1.0000,0
vid_1950,44.567,frames/fps,446,446,1.0000,0
vid_1951,38.200,frames/fps,382,382,1.0000,0
vid_1952,57.167,frames/fps,572,572,1.0000,0
vid_1953,44.267,frames/fps,443,443,1.0000,0
vid_1954,27.100,frames/fps,271,271,1.0000,0
vid_1955,26.700,frames/fps,267,267,1.0000,0
vid_1956,14.100,frames/fps,141,141,1.0000,0
vid_1957,27.967,frames/fps,280,280,1.0000,0
vid_1958,56.367,frames/fps,564,564,1.0000,0
vid_1959,13.433,frames/fps,135,135,1.0000,0
vid_1960,30.433,frames/fps,305,305,1.0000,0
vid_1961,55.400,frames/fps,554,554,1.0000,0
vid_1962,19.600,frames/fps,196,196,1.0000,0
vid_1963,28.833,frames/fps,289,289,1.0000,0
vid_1964,49.967,frames/fps,500,500,1.0000,0
vid_1965,30.100,frames/fps,301,301,1.0000,0
vid_1966,27.100,frames/fps,271,271,1.0000,0
vid_1967,0.933,frames/fps,10,10,1.0000,1
vid_1968,44.800,frames/fps,448,448,1.0000,0
vid_1969,26.567,frames/fps,266,266,1.0000,0
vid_1970,60.533,frames/fps,606,606,1.0000,0
vid_1971,60.533,frames/fps,606,606,1.0000,0
vid_1972,33.200,frames/fps,332,332,1.0000,0
vid_1973,22.167,frames/fps,222,222,1.0000,0
vid_1974,17.633,frames/fps,177,177,1.0000,0
vid_1975,43.233,frames/fps,433,433,1.0000,0
vid_1976,31.100,frames/fps,311,311,1.0000,0
vid_1977,16.800,frames/fps,168,168,1.0000,0
vid_1978,15.467,frames/fps,155,155,1.0000,0
vid_1979,52.233,frames/fps,523,523,1.0000,0
vid_1980,29.200,frames/fps,290,292,1.0000,0
vid_1981,57.367,frames/fps,574,574,1.0000,0
vid_1982,34.767,frames/fps,348,348,1.0000,0
vid_1983,1.767,frames/fps,18,18,1.0000,1
vid_1984,51.167,frames/fps,512,512,1.0000,0
vid_1985,25.800,frames/fps,258,258,1.0000,0
vid_1986,21.567,frames/fps,216,216,1.0000,0
vid_1987,7.600,frames/fps,76,76,1.0000,0
vid_1988,48.167,frames/fps,482,482,1.0000,0
vid_1989,18.567,frames/fps,186,186,1.0000,0
vid_1990,14.600,frames/fps,146,146,1.0000,0
vid_1991,60.533,frames/fps,606,606,1.0000,0
vid_1992,30.800,frames/fps,308,308,1.0000,0
vid_1993,46.900,frames/fps,469,469,1.0000,0
vid_1994,60.533,frames/fps,606,606,1.0000,0
vid_1995,34.233,frames/fps,343,343,1.0000,0
vid_1996,50.400,frames/fps,504,504,1.0000,0
vid_1997,30.767,frames/fps,308,308,1.0000,0
vid_1998,46.700,frames/fps,467,467,1.0000,0
vid_1999,2.867,frames/fps,29,29,1.0000,0
vid_2000,35.000,frames/fps,350,350,1.0000,0
vid_2001,7.300,frames/fps,73,73,1.0000,0
vid_2002,42.200,frames/fps,422,422,1.0000,0
vid_2003,24.867,frames/fps,249,249,1.0000,0
vid_2004,49.867,frames/fps,499,499,1.0000,0
vid_2005,18.733,frames/fps,188,188,1.0000,0
vid_2006,60.533,frames/fps,606,606,1.0000,0
vid_2007,18.767,frames/fps,188,188,1.0000,0
vid_2008,22.800,frames/fps,228,228,1.0000,0
vid_2009,11.900,frames/fps,119,119,1.0000,0
vid_2010,10.833,frames/fps,109,109,1.0000,0
vid_2011,29.467,frames/fps,295,295,1.0000,0
